Date,HadCRUT_RawTemperature,HadCRUT_Temp,GISTEMP_RawTemperature,GISTEMP_Temp,NOAA_RawTemperature,NOAA_Temp,Berkeley_RawTemperature,Berkeley_Temp,ERA5_RawTemperature,ERA5_Temp,ONI_Anomaly
1850-01-01,-0.7336947,-0.37378982272666667,,,-1.04732,-0.2637429916666666,-0.367,-0.0897,,,
1850-02-01,-0.36043638,-0.0005315027266666328,,,-0.778262,0.005315008333333426,-0.414,-0.1367,,,
1850-03-01,-0.62713146,-0.2672265827266666,,,-0.85462,-0.07104299166666661,-0.248,0.029299999999999993,,,
1850-04-01,-0.60529697,-0.24539209272666668,,,-0.991278,-0.20770099166666656,-1.014,-0.7367,,,
1850-05-01,-0.5315168,-0.17161192272666664,,,-0.840596,-0.057018991666666574,-0.704,-0.42669999999999997,,,
1850-06-01,-0.35174996,0.008154917273333395,,,-0.621357,0.1622200083333334,-0.319,-0.041700000000000015,,,
1850-07-01,-0.17554672,0.18435815727333338,,,-0.53314,0.2504370083333335,-0.223,0.05429999999999999,,,
1850-08-01,-0.22345923,0.13644564727333336,,,-0.608492,0.1750850083333334,-0.124,0.1533,,,
1850-09-01,-0.39381364,-0.03390876272666665,,,-0.687922,0.0956550083333334,-0.37,-0.0927,,,
1850-10-01,-0.5161555,-0.15625062272666662,,,-0.814557,-0.03097999166666654,-0.286,-0.008699999999999986,,,
1850-11-01,-0.27654734,0.08335753727333339,,,-0.735379,0.04819800833333343,-0.036,0.2413,,,
1850-12-01,-0.32244864,0.03745623727333336,,,-0.642733,0.14084400833333344,-0.497,-0.2197,,,
1851-01-01,-0.26558566,0.09431921727333337,,,-0.772008,0.011569008333333408,-0.186,0.09129999999999999,,,
1851-02-01,-0.4673408,-0.10743592272666663,,,-0.733864,0.049713008333333475,-0.274,0.0032999999999999696,,,
1851-03-01,-0.6410053,-0.28110042272666663,,,-0.883993,-0.10041599166666659,-0.318,-0.040700000000000014,,,
1851-04-01,-0.52828664,-0.16838176272666666,,,-0.945387,-0.16180999166666654,-0.609,-0.3317,,,
1851-05-01,-0.22183678,0.13806809727333336,,,-0.778966,0.0046110083333333884,-0.195,0.08229999999999998,,,
1851-06-01,-0.20733659,0.15256828727333338,,,-0.584102,0.19947500833333343,-0.156,0.12129999999999999,,,
1851-07-01,-0.13640964,0.22349523727333337,,,-0.434457,0.34912000833333345,-0.134,0.14329999999999998,,,
1851-08-01,-0.14756347,0.21234140727333337,,,-0.410563,0.3730140083333334,-0.258,0.019299999999999984,,,
1851-09-01,-0.1459551,0.21394977727333336,,,-0.611964,0.17161300833333348,-0.208,0.0693,,,
1851-10-01,-0.04530318,0.31460169727333337,,,-0.569611,0.21396600833333346,-0.053,0.2243,,,
1851-11-01,-0.10766979,0.2522350872733334,,,-0.643552,0.14002500833333342,-0.209,0.0683,,,
1851-12-01,-0.24792688,0.11197799727333338,,,-0.626827,0.1567500083333334,-0.258,0.019299999999999984,,,
1852-01-01,-0.34589827,0.01400660727333336,,,-0.670993,0.11258400833333349,-0.447,-0.16970000000000002,,,
1852-02-01,-0.49635816,-0.13645328272666662,,,-0.862832,-0.07925499166666661,-0.327,-0.04970000000000002,,,
1852-03-01,-0.5669252,-0.20702032272666665,,,-0.955484,-0.17190699166666656,-0.476,-0.1987,,,
1852-04-01,-0.5746308,-0.21472592272666663,,,-0.807254,-0.02367699166666659,-0.49,-0.2127,,,
1852-05-01,-0.11256703,0.24733784727333336,,,-0.646615,0.13696200833333338,-0.143,0.1343,,,
1852-06-01,-0.077197365,0.28270751227333335,,,-0.427867,0.35571000833333344,-0.051,0.2263,,,
1852-07-01,0.008964636,0.3688695132733334,,,-0.503771,0.27980600833333347,-0.025,0.25229999999999997,,,
1852-08-01,-0.14900333,0.21090154727333338,,,-0.530172,0.25340500833333346,-0.123,0.1543,,,
1852-09-01,-0.006418369,0.3534865082733334,,,-0.489041,0.29453600833333343,-0.106,0.1713,,,
1852-10-01,-0.15764527,0.20225960727333336,,,-0.567797,0.21578000833333344,-0.17,0.10729999999999998,,,
1852-11-01,-0.27521798,0.0846868972733334,,,-0.639382,0.14419500833333343,-0.064,0.2133,,,
1852-12-01,0.064261936,0.4241668132733334,,,-0.5327,0.2508770083333335,-0.236,0.0413,,,
1853-01-01,-0.2041933,0.15571157727333337,,,-0.780412,0.003165008333333441,-0.331,-0.053700000000000025,,,
1853-02-01,-0.3986166,-0.03871172272666662,,,-0.840136,-0.05655899166666656,-0.263,0.01429999999999998,,,
1853-03-01,-0.2726406,0.08726427727333336,,,-0.828885,-0.04530799166666655,-0.349,-0.07169999999999999,,,
1853-04-01,-0.40107116,-0.041166282726666614,,,-0.854544,-0.07096699166666653,-0.124,0.1533,,,
1853-05-01,-0.270081,0.08982387727333335,,,-0.626559,0.15701800833333346,-0.177,0.1003,,,
1853-06-01,-0.124300465,0.23560441227333337,,,-0.522713,0.26086400833333345,-0.025,0.25229999999999997,,,
1853-07-01,-0.07192186,0.28798301727333336,,,-0.405849,0.3777280083333334,-0.083,0.19429999999999997,,,
1853-08-01,-0.039818063,0.32008681427333335,,,-0.57397,0.20960700833333346,-0.164,0.11329999999999998,,,
1853-09-01,-0.26639792,0.09350695727333336,,,-0.697233,0.08634400833333344,-0.359,-0.0817,,,
1853-10-01,-0.37279856,-0.012893682726666633,,,-0.708041,0.0755360083333334,-0.278,-0.0007000000000000339,,,
1853-11-01,-0.4007882,-0.040883322726666615,,,-0.73955,0.044027008333333395,-0.352,-0.07469999999999999,,,
1853-12-01,-0.32555756,0.034347317273333344,,,-0.645052,0.13852500833333348,-0.206,0.0713,,,
1854-01-01,-0.40250707,-0.042602192726666654,,,-0.825955,-0.04237799166666656,-0.361,-0.0837,,,
1854-02-01,-0.39156428,-0.03165940272666662,,,-0.742,0.04157700833333344,-0.453,-0.17570000000000002,,,
1854-03-01,-0.24713284,0.11277203727333338,,,-0.727742,0.055835008333333436,-0.226,0.051299999999999985,,,
1854-04-01,-0.32695404,0.03295083727333337,,,-0.695307,0.08827000833333343,-0.064,0.2133,,,
1854-05-01,-0.2774185,0.08248637727333336,,,-0.65799,0.12558700833333347,-0.463,-0.18570000000000003,,,
1854-06-01,-0.3021317,0.057773177273333365,,,-0.580125,0.20345200833333343,-0.262,0.01529999999999998,,,
1854-07-01,-0.16190101,0.19800386727333336,,,-0.597765,0.18581200833333344,-0.281,-0.0037000000000000366,,,
1854-08-01,-0.23259757,0.12730730727333336,,,-0.626763,0.15681400833333348,-0.094,0.1833,,,
1854-09-01,-0.2157878,0.14411707727333337,,,-0.605501,0.17807600833333348,-0.241,0.0363,,,
1854-10-01,-0.09925922,0.2606456572733334,,,-0.563829,0.2197480083333334,-0.161,0.11629999999999999,,,
1854-11-01,-0.41205636,-0.05215148272666664,,,-0.619785,0.1637920083333334,-0.254,0.023299999999999987,,,
1854-12-01,-0.45369828,-0.09379340272666664,,,-0.643501,0.14007600833333345,-0.376,-0.09870000000000001,,,
1855-01-01,-0.17031084,0.18959403727333338,,,-0.700493,0.0830840083333334,-0.266,0.011299999999999977,,,
1855-02-01,-0.31291005,0.04699482727333337,,,-0.71789,0.06568700833333341,-0.135,0.14229999999999998,,,
1855-03-01,-0.34485918,0.01504569727333338,,,-0.688092,0.0954850083333334,-0.09,0.1873,,,
1855-04-01,-0.21057838,0.14932649727333336,,,-0.742021,0.041556008333333394,-0.145,0.1323,,,
1855-05-01,-0.36843798,-0.00853310272666663,,,-0.69708,0.0864970083333334,-0.196,0.08129999999999998,,,
1855-06-01,-0.3329686,0.026936277273333364,,,-0.617652,0.16592500833333346,-0.122,0.1553,,,
1855-07-01,-0.31461516,0.04528971727333336,,,-0.735866,0.047711008333333416,-0.331,-0.053700000000000025,,,
1855-08-01,-0.20184189,0.15806298727333337,,,-0.627554,0.1560230083333335,-0.105,0.1723,,,
1855-09-01,-0.25861943,0.10128544727333338,,,-0.746488,0.037089008333333395,-0.226,0.051299999999999985,,,
1855-10-01,-0.19998126,0.15992361727333337,,,-0.626361,0.1572160083333335,-0.078,0.19929999999999998,,,
1855-11-01,-0.37381244,-0.013907562726666656,,,-0.704548,0.07902900833333348,-0.25,0.02729999999999999,,,
1855-12-01,-0.40770242,-0.04779754272666664,,,-0.657726,0.1258510083333334,-0.335,-0.05770000000000003,,,
1856-01-01,-0.08278427,0.2771206072733334,,,-0.433229,0.35034800833333346,-0.258,0.019299999999999984,,,
1856-02-01,-0.34718993,0.012714947273333388,,,-0.629538,0.1540390083333334,-0.266,0.011299999999999977,,,
1856-03-01,-0.3712111,-0.011306222726666648,,,-0.735076,0.048501008333333484,-0.11,0.1673,,,
1856-04-01,-0.31448796,0.04541691727333336,,,-0.883612,-0.10003499166666652,-0.487,-0.2097,,,
1856-05-01,-0.292533,0.06737187727333338,,,-0.753227,0.030350008333333456,-0.22,0.05729999999999999,,,
1856-06-01,-0.22521582,0.13468905727333336,,,-0.641611,0.1419660083333334,-0.301,-0.0237,,,
1856-07-01,-0.22290184,0.13700303727333338,,,-0.699732,0.08384500833333342,-0.299,-0.021699999999999997,,,
1856-08-01,-0.24855386,0.11135101727333338,,,-0.872657,-0.08907999166666658,-0.386,-0.10870000000000002,,,
1856-09-01,-0.4017519,-0.04184702272666663,,,-0.825272,-0.04169499166666657,-0.528,-0.25070000000000003,,,
1856-10-01,-0.44604117,-0.08613629272666662,,,-0.968749,-0.18517199166666654,-0.498,-0.2207,,,
1856-11-01,-0.56131756,-0.20141268272666663,,,-0.783164,0.00041300833333346443,-0.529,-0.25170000000000003,,,
1856-12-01,-0.42309567,-0.06319079272666661,,,-0.672055,0.11152200833333348,-0.825,-0.5477,,,
1857-01-01,-0.4942921,-0.13438722272666664,,,-0.719379,0.06419800833333345,-0.499,-0.2217,,,
1857-02-01,-0.4418785,-0.08197362272666664,,,-0.960963,-0.17738599166666658,-0.593,-0.3157,,,
1857-03-01,-0.48833084,-0.12842596272666662,,,-0.822045,-0.03846799166666659,-0.568,-0.29069999999999996,,,
1857-04-01,-0.6748065,-0.3149016227266666,,,-0.92342,-0.13984299166666658,-0.617,-0.3397,,,
1857-05-01,-0.6539085,-0.29400362272666664,,,-0.959729,-0.17615199166666662,-0.419,-0.1417,,,
1857-06-01,-0.2911743,0.06873057727333337,,,-0.725261,0.05831600833333339,-0.408,-0.13069999999999998,,,
1857-07-01,-0.40410438,-0.04419950272666662,,,-0.740629,0.042948008333333454,-0.463,-0.18570000000000003,,,
1857-08-01,-0.35559383,0.004311047273333368,,,-0.770291,0.013286008333333488,-0.395,-0.11770000000000003,,,
1857-09-01,-0.36829397,-0.008389092726666658,,,-0.8282,-0.04462299166666661,-0.366,-0.0887,,,
1857-10-01,-0.46698898,-0.10708410272666663,,,-0.859275,-0.07569799166666658,-0.429,-0.1517,,,
1857-11-01,-0.66211814,-0.30221326272666665,,,-0.763348,0.02022900833333341,-0.247,0.030299999999999994,,,
1857-12-01,-0.28878108,0.07112379727333334,,,-0.613634,0.16994300833333342,-0.286,-0.008699999999999986,,,
1858-01-01,-0.33611944,0.023785437273333376,,,-0.749483,0.034094008333333425,-0.595,-0.3177,,,
1858-02-01,-0.4876386,-0.1277337227266666,,,-0.791129,-0.007551991666666535,-0.321,-0.04370000000000002,,,
1858-03-01,-0.5660633,-0.20615842272666668,,,-0.733801,0.0497760083333334,-0.148,0.1293,,,
1858-04-01,-0.4297229,-0.06981802272666665,,,-0.844021,-0.060443991666666586,-0.408,-0.13069999999999998,,,
1858-05-01,-0.5225211,-0.1626162227266666,,,-0.851656,-0.06807899166666653,-0.48,-0.2027,,,
1858-06-01,-0.36000618,-0.00010130272666664109,,,-0.687725,0.0958520083333334,-0.452,-0.17470000000000002,,,
1858-07-01,-0.34052667,0.019378207273333392,,,-0.671334,0.11224300833333345,-0.336,-0.05870000000000003,,,
1858-08-01,-0.28751695,0.07238792727333337,,,-0.597262,0.18631500833333348,-0.29,-0.012699999999999989,,,
1858-09-01,-0.2800979,0.07980697727333336,,,-0.829424,-0.045846991666666614,-0.435,-0.1577,,,
1858-10-01,-0.29180503,0.06809984727333335,,,-0.665004,0.1185730083333334,-0.445,-0.16770000000000002,,,
1858-11-01,-0.40444997,-0.044545092726666624,,,-0.804541,-0.020963991666666515,-0.515,-0.23770000000000002,,,
1858-12-01,-0.4546053,-0.09470042272666662,,,-0.84966,-0.06608299166666654,-0.426,-0.1487,,,
1859-01-01,-0.4054151,-0.045510222726666605,,,-0.770963,0.012614008333333482,-0.544,-0.26670000000000005,,,
1859-02-01,-0.3508319,0.009072977273333394,,,-0.692765,0.09081200833333347,-0.33,-0.052700000000000025,,,
1859-03-01,-0.32237455,0.037530327273333386,,,-0.713937,0.06964000833333339,-0.262,0.01529999999999998,,,
1859-04-01,-0.18896715,0.17093772727333337,,,-0.672765,0.11081200833333349,-0.109,0.1683,,,
1859-05-01,-0.16987069,0.19003418727333338,,,-0.543136,0.24044100833333348,-0.178,0.0993,,,
1859-06-01,-0.24007069,0.11983418727333336,,,-0.636822,0.14675500833333344,-0.178,0.0993,,,
1859-07-01,-0.29049572,0.06940915727333336,,,-0.851275,-0.06769799166666657,-0.437,-0.1597,,,
1859-08-01,-0.26642036,0.09348451727333335,,,-0.543978,0.23959900833333347,-0.268,0.009299999999999975,,,
1859-09-01,-0.40073764,-0.04083276272666664,,,-0.837153,-0.0535759916666666,-0.561,-0.28370000000000006,,,
1859-10-01,-0.24710423,0.11280064727333336,,,-0.788647,-0.005069991666666551,-0.205,0.0723,,,
1859-11-01,-0.31005624,0.049848637273333385,,,-0.672552,0.1110250083333334,-0.305,-0.027700000000000002,,,
1859-12-01,-0.31138346,0.04852141727333337,,,-0.430101,0.3534760083333334,-0.404,-0.12670000000000003,,,
1860-01-01,-0.39036018,-0.030455302726666633,,,-0.789777,-0.006199991666666516,-0.384,-0.10670000000000002,,,
1860-02-01,-0.47841126,-0.11850638272666664,,,-0.81484,-0.03126299166666657,-0.21,0.0673,,,
1860-03-01,-0.7893188,-0.4294139227266666,,,-0.964056,-0.1804789916666666,-0.1,0.17729999999999999,,,
1860-04-01,-0.30961692,0.05028795727333335,,,-0.856512,-0.07293499166666662,-0.066,0.2113,,,
1860-05-01,-0.37111413,-0.011209252726666619,,,-0.768035,0.015542008333333412,-0.239,0.0383,,,
1860-06-01,-0.2127543,0.14715057727333336,,,-0.758395,0.025182008333333394,-0.25,0.02729999999999999,,,
1860-07-01,-0.21101767,0.14888720727333338,,,-0.781667,0.001910008333333435,-0.378,-0.10070000000000001,,,
1860-08-01,-0.13662575,0.22327912727333338,,,-0.64093,0.14264700833333344,-0.376,-0.09870000000000001,,,
1860-09-01,-0.17651302,0.18339185727333338,,,-0.689485,0.09409200833333342,-0.205,0.0723,,,
1860-10-01,-0.39112195,-0.031217072726666628,,,-0.949657,-0.16607999166666654,-0.364,-0.0867,,,
1860-11-01,-0.62215847,-0.26225359272666665,,,-0.787395,-0.0038179916666665203,-0.361,-0.0837,,,
1860-12-01,-0.7965397,-0.4366348227266666,,,-0.998183,-0.2146059916666666,-0.611,-0.3337,,,
1861-01-01,-0.90517104,-0.5452661627266666,,,-1.05753,-0.27395299166666665,-0.383,-0.10570000000000002,,,
1861-02-01,-0.68054146,-0.3206365827266667,,,-1.209526,-0.42594899166666667,-0.816,-0.5387,,,
1861-03-01,-0.42158598,-0.06168110272666666,,,-0.852968,-0.06939099166666651,-0.328,-0.05070000000000002,,,
1861-04-01,-0.39636472,-0.036459842726666636,,,-0.845368,-0.06179099166666657,-0.043,0.2343,,,
1861-05-01,-0.6966781,-0.3367732227266666,,,-0.998526,-0.2149489916666666,-0.289,-0.011699999999999988,,,
1861-06-01,-0.2724492,0.08745567727333337,,,-0.803772,-0.020194991666666606,-0.196,0.08129999999999998,,,
1861-07-01,-0.3489705,0.010934377273333351,,,-0.740749,0.042828008333333445,-0.304,-0.0267,,,
1861-08-01,-0.097595915,0.26230896227333333,,,-0.827255,-0.04367799166666653,-0.236,0.0413,,,
1861-09-01,-0.3336998,0.026205077273333377,,,-0.804124,-0.020546991666666514,-0.326,-0.04870000000000002,,,
1861-10-01,-0.51582086,-0.15591598272666668,,,-0.783295,0.0002820083333334722,-0.478,-0.2007,,,
1861-11-01,-0.48766425,-0.12775937272666665,,,-0.665839,0.11773800833333348,-0.185,0.0923,,,
1861-12-01,-0.40781733,-0.04791245272666661,,,-0.749959,0.03361800833333339,-0.334,-0.05670000000000003,,,
1862-01-01,-0.8302512,-0.4703463227266666,,,-1.026523,-0.24294599166666664,-0.654,-0.37670000000000003,,,
1862-02-01,-0.79714805,-0.43724317272666663,,,-1.046852,-0.26327499166666646,-0.69,-0.41269999999999996,,,
1862-03-01,-0.5375936,-0.17768872272666664,,,-0.995695,-0.21211799166666656,-0.52,-0.24270000000000003,,,
1862-04-01,-0.53282684,-0.17292196272666666,,,-0.830667,-0.04708999166666661,-0.483,-0.2057,,,
1862-05-01,-0.3447934,0.01511147727333334,,,-0.848199,-0.0646219916666666,-0.305,-0.027700000000000002,,,
1862-06-01,-0.2752047,0.08470017727333334,,,-0.821605,-0.038027991666666594,-0.339,-0.06170000000000003,,,
1862-07-01,-0.35610244,0.003802437273333348,,,-0.826399,-0.04282199166666656,-0.47,-0.19269999999999998,,,
1862-08-01,-0.500468,-0.14056312272666666,,,-0.894794,-0.11121699166666654,-0.39,-0.11270000000000002,,,
1862-09-01,-0.3993082,-0.039403322726666634,,,-0.921607,-0.13802999166666652,-0.394,-0.11670000000000003,,,
1862-10-01,-0.50103086,-0.1411259827266666,,,-0.946931,-0.16335399166666653,-0.341,-0.06370000000000003,,,
1862-11-01,-0.68491006,-0.3250051827266666,,,-0.820708,-0.03713099166666656,-0.276,0.0012999999999999678,,,
1862-12-01,-0.89826745,-0.5383625727266665,,,-1.198706,-0.4151289916666666,-0.708,-0.43069999999999997,,,
1863-01-01,-0.08720414,0.2727007372733334,,,-0.775938,0.007639008333333419,-0.494,-0.2167,,,
1863-02-01,-0.28363347,0.07627140727333337,,,-0.905497,-0.12191999166666656,-0.444,-0.16670000000000001,,,
1863-03-01,-0.41439292,-0.05448804272666663,,,-0.876876,-0.09329899166666655,-0.258,0.019299999999999984,,,
1863-04-01,-0.3359353,0.023969577273333376,,,-0.784948,-0.0013709916666665434,-0.169,0.10829999999999998,,,
1863-05-01,-0.39094952,-0.031044642726666627,,,-0.870394,-0.08681699166666657,-0.362,-0.0847,,,
1863-06-01,-0.41835585,-0.058450972726666606,,,-0.885157,-0.10157999166666654,-0.531,-0.25370000000000004,,,
1863-07-01,-0.35686275,0.0030421272733333615,,,-0.895509,-0.11193199166666656,-0.386,-0.10870000000000002,,,
1863-08-01,-0.33504587,0.024859007273333344,,,-0.875195,-0.09161799166666651,-0.566,-0.28869999999999996,,,
1863-09-01,-0.4046052,-0.04470032272666663,,,-0.994386,-0.21080899166666656,-0.578,-0.30069999999999997,,,
1863-10-01,-0.5606118,-0.20070692272666663,,,-1.008284,-0.22470699166666652,-0.466,-0.18870000000000003,,,
1863-11-01,-0.50011665,-0.14021177272666668,,,-0.742529,0.04104800833333344,-0.309,-0.031700000000000006,,,
1863-12-01,-0.50644475,-0.14653987272666663,,,-0.779137,0.004440008333333467,-0.297,-0.019699999999999995,,,
1864-01-01,-0.82488084,-0.4649759627266666,,,-1.012696,-0.2291189916666666,-0.538,-0.26070000000000004,,,
1864-02-01,-0.60532296,-0.2454180827266666,,,-1.028834,-0.2452569916666666,-0.587,-0.3097,,,
1864-03-01,-0.5314121,-0.17150722272666669,,,-1.001571,-0.21799399166666655,-0.452,-0.17470000000000002,,,
1864-04-01,-0.5567387,-0.19683382272666666,,,-0.800842,-0.017264991666666618,-0.637,-0.3597,,,
1864-05-01,-0.346019,0.013885877273333347,,,-0.698622,0.08495500833333347,-0.329,-0.051700000000000024,,,
1864-06-01,-0.11594459,0.24396028727333335,,,-0.662223,0.12135400833333343,-0.108,0.1693,,,
1864-07-01,-0.28745678,0.07244809727333335,,,-0.692391,0.09118600833333346,-0.097,0.1803,,,
1864-08-01,-0.34392628,0.015978597273333395,,,-0.883538,-0.09996099166666661,-0.424,-0.1467,,,
1864-09-01,-0.5260323,-0.16612742272666664,,,-0.82344,-0.039862991666666514,-0.388,-0.11070000000000002,,,
1864-10-01,-0.6723407,-0.31243582272666665,,,-0.868024,-0.08444699166666658,-0.297,-0.019699999999999995,,,
1864-11-01,-0.4921488,-0.13224392272666663,,,-0.756098,0.027479008333333388,-0.218,0.05929999999999999,,,
1864-12-01,-0.6274211,-0.2675162227266666,,,-0.874755,-0.09117799166666651,-0.311,-0.03370000000000001,,,
1865-01-01,-0.22972421,0.13018066727333336,,,-0.477265,0.30631200833333344,-0.091,0.1863,,,
1865-02-01,-0.51286817,-0.1529632927266666,,,-0.718577,0.06500000833333341,-0.055,0.2223,,,
1865-03-01,-0.71708083,-0.35717595272666663,,,-0.870507,-0.0869299916666666,-0.124,0.1533,,,
1865-04-01,-0.545424,-0.18551912272666665,,,-0.858569,-0.07499199166666659,-0.116,0.1613,,,
1865-05-01,-0.49492788,-0.13502300272666662,,,-0.787051,-0.0034739916666665094,-0.133,0.14429999999999998,,,
1865-06-01,-0.25132078,0.10858409727333335,,,-0.55506,0.22851700833333344,-0.032,0.2453,,,
1865-07-01,-0.29651147,0.06339340727333337,,,-0.516493,0.26708400833333346,0.11,0.3873,,,
1865-08-01,-0.24691208,0.11299279727333336,,,-0.572734,0.21084300833333347,-0.116,0.1613,,,
1865-09-01,-0.23256682,0.12733805727333336,,,-0.547996,0.2355810083333334,-0.054,0.2233,,,
1865-10-01,-0.3286998,0.03120507727333338,,,-0.585255,0.19832200833333347,-0.115,0.1623,,,
1865-11-01,-0.3379596,0.02194527727333334,,,-0.717525,0.06605200833333347,0.042,0.3193,,,
1865-12-01,-0.51290435,-0.15299947272666664,,,-0.67116,0.11241700833333346,-0.161,0.11629999999999999,,,
1866-01-01,-0.23041412,0.12949075727333337,,,-0.524577,0.2590000083333335,-0.213,0.0643,,,
1866-02-01,-0.47209233,-0.11218745272666664,,,-0.644157,0.13942000833333346,-0.197,0.08029999999999998,,,
1866-03-01,-0.7483365,-0.3884316227266666,,,-0.774652,0.008925008333333428,-0.199,0.07829999999999998,,,
1866-04-01,-0.5491825,-0.18927762272666665,,,-0.97297,-0.18939299166666657,-0.332,-0.054700000000000026,,,
1866-05-01,-0.5992568,-0.23935192272666667,,,-0.924355,-0.1407779916666666,-0.652,-0.37470000000000003,,,
1866-06-01,-0.12973092,0.23017395727333337,,,-0.573753,0.20982400833333348,-0.248,0.029299999999999993,,,
1866-07-01,-0.053188607,0.30671627027333337,,,-0.622081,0.16149600833333344,-0.117,0.1603,,,
1866-08-01,-0.2913557,0.06854917727333337,,,-0.716809,0.0667680083333334,-0.259,0.018299999999999983,,,
1866-09-01,-0.4619109,-0.10200602272666665,,,-0.65285,0.1307270083333334,-0.41,-0.13269999999999998,,,
1866-10-01,-0.45978358,-0.09987870272666666,,,-0.888321,-0.10474399166666659,-0.182,0.0953,,,
1866-11-01,-0.3633889,-0.003484022726666647,,,-0.741432,0.042145008333333456,-0.003,0.2743,,,
1866-12-01,-0.44330192,-0.08339704272666665,,,-0.692519,0.09105800833333344,0.071,0.3483,,,
1867-01-01,-0.5012026,-0.14129772272666669,,,-0.818031,-0.03445399166666652,-0.333,-0.05570000000000003,,,
1867-02-01,-0.40764287,-0.04773799272666662,,,-1.121074,-0.33749699166666647,-0.374,-0.09670000000000001,,,
1867-03-01,-0.71154207,-0.35163719272666666,,,-0.856787,-0.07320999166666653,-0.138,0.13929999999999998,,,
1867-04-01,-0.4893024,-0.12939752272666666,,,-1.07609,-0.29251299166666656,-0.374,-0.09670000000000001,,,
1867-05-01,-0.61576754,-0.25586266272666663,,,-0.909076,-0.12549899166666656,-0.275,0.0022999999999999687,,,
1867-06-01,-0.3497442,0.010160677273333363,,,-0.649785,0.1337920083333335,-0.329,-0.051700000000000024,,,
1867-07-01,-0.25862965,0.10127522727333338,,,-0.766236,0.017341008333333408,-0.286,-0.008699999999999986,,,
1867-08-01,-0.32534266,0.03456221727333336,,,-0.75237,0.031207008333333452,-0.486,-0.2087,,,
1867-09-01,-0.19382298,0.16608189727333336,,,-0.761758,0.02181900833333339,-0.231,0.04629999999999998,,,
1867-10-01,-0.15673622,0.20316865727333336,,,-0.80286,-0.019282991666666582,-0.18,0.0973,,,
1867-11-01,-0.290751,0.06915387727333339,,,-0.607886,0.1756910083333334,-0.128,0.1493,,,
1867-12-01,-0.4924907,-0.13258582272666664,,,-0.71657,0.0670070083333334,-0.466,-0.18870000000000003,,,
1868-01-01,-0.7065511,-0.3466462227266666,,,-0.956255,-0.17267799166666653,-0.215,0.062299999999999994,,,
1868-02-01,-0.7107065,-0.35080162272666665,,,-0.751611,0.03196600833333341,-0.323,-0.04570000000000002,,,
1868-03-01,-0.33152503,0.02837984727333337,,,-0.72513,0.05844700833333338,-0.239,0.0383,,,
1868-04-01,-0.3835847,-0.023679822726666633,,,-0.955995,-0.1724179916666666,-0.078,0.19929999999999998,,,
1868-05-01,-0.28221005,0.07769482727333338,,,-0.797602,-0.014024991666666597,-0.039,0.23829999999999998,,,
1868-06-01,-0.29758695,0.06231792727333335,,,-0.733372,0.05020500833333341,-0.166,0.11129999999999998,,,
1868-07-01,-0.046538997,0.31336588027333334,,,-0.644089,0.1394880083333334,-0.018,0.2593,,,
1868-08-01,-0.19503358,0.16487129727333336,,,-0.62842,0.15515700833333346,-0.266,0.011299999999999977,,,
1868-09-01,-0.37496766,-0.015062782726666613,,,-0.694233,0.08934400833333345,-0.083,0.19429999999999997,,,
1868-10-01,-0.24309713,0.11680774727333337,,,-0.600171,0.18340600833333343,0.139,0.4163,,,
1868-11-01,-0.45063135,-0.09072647272666662,,,-0.827945,-0.044367991666666606,-0.002,0.2753,,,
1868-12-01,-0.33501616,0.02488871727333336,,,-0.544776,0.2388010083333334,0.027,0.3043,,,
1869-01-01,-0.30413687,0.055768007273333364,,,-0.624681,0.1588960083333334,-0.172,0.1053,,,
1869-02-01,0.13735774,0.4972626172733334,,,-0.48599,0.29758700833333346,-0.066,0.2113,,,
1869-03-01,-0.65085006,-0.29094518272666664,,,-0.734057,0.049520008333333476,-0.219,0.05829999999999999,,,
1869-04-01,-0.41162053,-0.05171565272666662,,,-0.778851,0.004726008333333476,-0.143,0.1343,,,
1869-05-01,-0.3107559,0.049148977273333394,,,-0.546087,0.23749000833333345,-0.091,0.1863,,,
1869-06-01,-0.39642054,-0.03651566272666662,,,-0.72055,0.06302700833333341,-0.087,0.1903,,,
1869-07-01,-0.4316918,-0.07178692272666665,,,-0.704185,0.07939200833333349,-0.295,-0.017699999999999994,,,
1869-08-01,-0.17842542,0.18147945727333337,,,-0.658941,0.12463600833333344,-0.45,-0.17270000000000002,,,
1869-09-01,-0.16914342,0.19076145727333338,,,-0.78021,0.0033670083333334766,-0.277,0.00029999999999996696,,,
1869-10-01,-0.29088375,0.06902112727333337,,,-0.801397,-0.01781999166666659,-0.384,-0.10670000000000002,,,
1869-11-01,-0.29109508,0.06880979727333336,,,-0.652165,0.13141200833333344,0.09,0.36729999999999996,,,
1869-12-01,-0.5245999,-0.16469502272666664,,,-0.789845,-0.006267991666666584,-0.418,-0.1407,,,
1870-01-01,-0.21442753,0.14547734727333336,,,-0.82732,-0.04374299166666662,-0.456,-0.17870000000000003,,,
1870-02-01,-0.4570527,-0.09714782272666661,,,-0.972037,-0.1884599916666666,-0.272,0.005299999999999971,,,
1870-03-01,-0.49531865,-0.13541377272666666,,,-0.865662,-0.0820849916666666,-0.259,0.018299999999999983,,,
1870-04-01,-0.35708296,0.002821917273333363,,,-0.866948,-0.08337099166666662,0.008,0.2853,,,
1870-05-01,-0.30391365,0.05599122727333339,,,-0.833112,-0.04953499166666653,-0.274,0.0032999999999999696,,,
1870-06-01,-0.20680325,0.15310162727333337,,,-0.628906,0.15467100833333347,-0.179,0.0983,,,
1870-07-01,-0.0832475,0.2766573772733334,,,-0.563338,0.22023900833333343,-0.185,0.0923,,,
1870-08-01,-0.25554147,0.10436340727333338,,,-0.64749,0.13608700833333343,-0.248,0.029299999999999993,,,
1870-09-01,-0.20184942,0.15805545727333337,,,-0.698919,0.08465800833333348,-0.38,-0.10270000000000001,,,
1870-10-01,-0.4277582,-0.06785332272666661,,,-0.83932,-0.05574299166666652,-0.374,-0.09670000000000001,,,
1870-11-01,-0.2553485,0.10455637727333339,,,-0.864954,-0.08137699166666656,-0.423,-0.1457,,,
1870-12-01,-0.6750309,-0.3151260227266666,,,-0.893514,-0.1099369916666666,-0.511,-0.23370000000000002,,,
1871-01-01,-0.5914527,-0.23154782272666669,,,-0.945939,-0.16236199166666654,-0.369,-0.0917,,,
1871-02-01,-0.688392,-0.32848712272666664,,,-0.962137,-0.17855999166666658,-0.34,-0.06270000000000003,,,
1871-03-01,-0.1713521,0.18855277727333336,,,-0.643463,0.14011400833333343,-0.264,0.013299999999999979,,,
1871-04-01,-0.2224464,0.13745847727333338,,,-0.711944,0.07163300833333341,-0.216,0.06129999999999999,,,
1871-05-01,-0.3483847,0.011520177273333376,,,-0.805966,-0.022388991666666525,-0.133,0.14429999999999998,,,
1871-06-01,-0.26983124,0.09007363727333334,,,-0.589001,0.19457600833333344,-0.123,0.1543,,,
1871-07-01,-0.07270558,0.2871992972733334,,,-0.598722,0.18485500833333346,-0.135,0.14229999999999998,,,
1871-08-01,-0.3237074,0.03619747727333339,,,-0.717694,0.06588300833333338,-0.287,-0.009699999999999986,,,
1871-09-01,-0.35705873,0.002846147273333377,,,-0.844834,-0.06125699166666654,-0.419,-0.1417,,,
1871-10-01,-0.3733814,-0.013476522726666607,,,-0.897422,-0.11384499166666662,-0.297,-0.019699999999999995,,,
1871-11-01,-0.5423128,-0.18240792272666667,,,-0.91458,-0.1310029916666665,-0.326,-0.04870000000000002,,,
1871-12-01,-0.5200536,-0.16014872272666664,,,-0.801749,-0.01817199166666661,-0.244,0.033299999999999996,,,
1872-01-01,-0.59386724,-0.23396236272666665,,,-0.90296,-0.11938299166666655,-0.192,0.08529999999999999,,,
1872-02-01,-0.62738276,-0.26747788272666667,,,-0.834716,-0.05113899166666658,-0.197,0.08029999999999998,,,
1872-03-01,-0.51853395,-0.15862907272666665,,,-0.807264,-0.023686991666666546,-0.299,-0.021699999999999997,,,
1872-04-01,-0.36621708,-0.006312202726666605,,,-0.911337,-0.12775999166666652,-0.373,-0.09570000000000001,,,
1872-05-01,-0.12129082,0.23861405727333337,,,-0.712729,0.07084800833333349,-0.106,0.1713,,,
1872-06-01,-0.26687804,0.09302683727333338,,,-0.782296,0.0012810083333334443,-0.315,-0.03770000000000001,,,
1872-07-01,-0.10946713,0.25043774727333334,,,-0.635504,0.14807300833333348,-0.162,0.11529999999999999,,,
1872-08-01,0.032685995,0.3925908722733334,,,-0.574768,0.2088090083333335,0.042,0.3193,,,
1872-09-01,-0.1552767,0.20462817727333338,,,-0.693139,0.09043800833333349,-0.118,0.1593,,,
1872-10-01,-0.1743955,0.18550937727333336,,,-0.797368,-0.01379099166666653,-0.365,-0.0877,,,
1872-11-01,-0.29189095,0.06801392727333339,,,-0.810648,-0.0270709916666666,-0.42,-0.1427,,,
1872-12-01,-0.52090067,-0.1609957927266666,,,-0.839689,-0.05611199166666658,-0.273,0.0042999999999999705,,,
1873-01-01,-0.23680581,0.12309906727333336,,,-0.823909,-0.04033199166666657,-0.241,0.0363,,,
1873-02-01,-0.2723676,0.08753727727333338,,,-0.773021,0.010556008333333478,-0.174,0.1033,,,
1873-03-01,-0.39014128,-0.03023640272666661,,,-1.017348,-0.23377099166666648,-0.124,0.1533,,,
1873-04-01,-0.4620575,-0.10215262272666664,,,-0.978738,-0.19516099166666656,-0.317,-0.03970000000000001,,,
1873-05-01,-0.3187277,0.041177177273333365,,,-0.757598,0.025979008333333442,-0.271,0.006299999999999972,,,
1873-06-01,-0.2966507,0.06325417727333338,,,-0.660444,0.1231330083333334,-0.311,-0.03370000000000001,,,
1873-07-01,-0.15776405,0.20214082727333338,,,-0.670918,0.11265900833333342,-0.176,0.1013,,,
1873-08-01,-0.2166087,0.14329617727333338,,,-0.62674,0.15683700833333347,-0.138,0.13929999999999998,,,
1873-09-01,-0.37763196,-0.01772708272666662,,,-0.757747,0.025830008333333487,-0.366,-0.0887,,,
1873-10-01,-0.3765355,-0.016630622726666655,,,-0.706811,0.07676600833333347,-0.454,-0.17670000000000002,,,
1873-11-01,-0.42933893,-0.06943405272666664,,,-0.724692,0.05888500833333343,-0.263,0.01429999999999998,,,
1873-12-01,-0.31950906,0.040395817273333356,,,-0.875855,-0.09227799166666661,-0.134,0.14329999999999998,,,
1874-01-01,-0.1817292,0.17817567727333336,,,-0.784001,-0.0004239916666665122,-0.138,0.13929999999999998,,,
1874-02-01,-0.4286057,-0.06870082272666661,,,-0.942159,-0.15858199166666653,-0.437,-0.1597,,,
1874-03-01,-0.6642841,-0.3043792227266667,,,-1.01937,-0.23579299166666667,-0.495,-0.2177,,,
1874-04-01,-0.42153412,-0.061629242726666644,,,-0.946355,-0.1627779916666665,-0.494,-0.2167,,,
1874-05-01,-0.31077743,0.04912744727333335,,,-0.873375,-0.08979799166666658,-0.473,-0.19569999999999999,,,
1874-06-01,-0.55560213,-0.19569725272666666,,,-0.800673,-0.017095991666666532,-0.541,-0.26370000000000005,,,
1874-07-01,-0.17058668,0.18931819727333338,,,-0.713103,0.0704740083333334,-0.299,-0.021699999999999997,,,
1874-08-01,-0.28745487,0.0724500072733334,,,-0.807869,-0.024291991666666513,-0.269,0.008299999999999974,,,
1874-09-01,-0.159738,0.20016687727333338,,,-0.696354,0.08722300833333341,-0.155,0.12229999999999999,,,
1874-10-01,-0.46680322,-0.10689834272666665,,,-0.859034,-0.07545699166666653,-0.504,-0.2267,,,
1874-11-01,-0.42181873,-0.06191385272666661,,,-0.915361,-0.13178399166666654,-0.396,-0.11870000000000003,,,
1874-12-01,-0.31600064,0.04390423727333337,,,-0.762782,0.020795008333333476,-0.332,-0.054700000000000026,,,
1875-01-01,-0.5755957,-0.21569082272666668,,,-0.75256,0.03101700833333343,-0.175,0.1023,,,
1875-02-01,-0.44269317,-0.08278829272666666,,,-0.868895,-0.08531799166666654,-0.188,0.08929999999999999,,,
1875-03-01,-0.5591616,-0.19925672272666667,,,-0.842055,-0.05847799166666656,-0.496,-0.2187,,,
1875-04-01,-0.34027356,0.019631317273333393,,,-0.859929,-0.07635199166666662,-0.389,-0.11170000000000002,,,
1875-05-01,-0.2511827,0.10872217727333339,,,-0.752114,0.031463008333333486,-0.267,0.010299999999999976,,,
1875-06-01,-0.26499686,0.09490801727333337,,,-0.648155,0.1354220083333334,-0.36,-0.0827,,,
1875-07-01,-0.18092534,0.17897953727333338,,,-0.698089,0.08548800833333348,-0.242,0.0353,,,
1875-08-01,-0.22718474,0.13272013727333337,,,-0.809146,-0.025568991666666596,-0.251,0.02629999999999999,,,
1875-09-01,-0.23680477,0.12310010727333337,,,-0.775915,0.007662008333333414,-0.144,0.1333,,,
1875-10-01,-0.22968538,0.13021949727333337,,,-0.830807,-0.047229991666666526,-0.08,0.19729999999999998,,,
1875-11-01,-0.50699466,-0.14708978272666667,,,-1.018314,-0.2347369916666665,-0.234,0.04329999999999998,,,
1875-12-01,-0.58547246,-0.2255675827266666,,,-1.039388,-0.25581099166666654,-0.368,-0.0907,,,
1876-01-01,-0.5027444,-0.1428395227266666,,,-0.814734,-0.031156991666666523,-0.272,0.005299999999999971,,,
1876-02-01,-0.32757896,0.03232591727333339,,,-0.998476,-0.2148989916666666,-0.279,-0.0017000000000000348,,,
1876-03-01,-0.33786327,0.022041607273333375,,,-0.797334,-0.013756991666666551,-0.15,0.1273,,,
1876-04-01,-0.3943021,-0.03439722272666662,,,-0.839658,-0.05608099166666658,-0.298,-0.020699999999999996,,,
1876-05-01,-0.5481547,-0.18824982272666663,,,-1.013724,-0.23014699166666663,-0.493,-0.2157,,,
1876-06-01,-0.3242113,0.03569357727333339,,,-0.752696,0.030881008333333404,-0.349,-0.07169999999999999,,,
1876-07-01,-0.2005931,0.15931177727333337,,,-0.706545,0.07703200833333346,-0.083,0.19429999999999997,,,
1876-08-01,-0.3256503,0.034254577273333364,,,-0.829872,-0.04629499166666662,-0.356,-0.07869999999999999,,,
1876-09-01,-0.43575472,-0.07584984272666662,,,-0.834461,-0.05088399166666657,-0.352,-0.07469999999999999,,,
1876-10-01,-0.30573153,0.054173347273333394,,,-0.778459,0.005118008333333424,-0.153,0.1243,,,
1876-11-01,-0.60075325,-0.24084837272666665,,,-0.939257,-0.15567999166666657,-0.283,-0.005699999999999983,,,
1876-12-01,-0.6268187,-0.2669138227266666,,,-0.868726,-0.08514899166666656,-0.232,0.04529999999999998,,,
1877-01-01,-0.40895006,-0.049045182726666636,,,-0.701476,0.08210100833333345,-0.029,0.2483,,,
1877-02-01,-0.19476254,0.16514233727333336,,,-0.628394,0.15518300833333343,0.097,0.37429999999999997,,,
1877-03-01,-0.070242554,0.28966232327333336,,,-0.606719,0.17685800833333343,-0.009,0.2683,,,
1877-04-01,-0.31577286,0.04413201727333338,,,-0.701983,0.08159400833333341,-0.09,0.1873,,,
1877-05-01,-0.4034899,-0.043585022726666645,,,-0.728518,0.05505900833333344,-0.035,0.2423,,,
1877-06-01,-0.10945276,0.2504521172733334,,,-0.526338,0.25723900833333346,-0.071,0.20629999999999998,,,
1877-07-01,0.01661418,0.37651905727333335,,,-0.404552,0.3790250083333334,0.084,0.3613,,,
1877-08-01,0.22973092,0.5896357972733334,,,-0.421708,0.3618690083333334,0.035,0.3123,,,
1877-09-01,0.12743135,0.48733622727333337,,,-0.478494,0.30508300833333346,0.053,0.3303,,,
1877-10-01,0.12457402,0.4844788972733334,,,-0.368634,0.4149430083333334,0.027,0.3043,,,
1877-11-01,0.042961337,0.40286621427333336,,,-0.375245,0.40833200833333344,0.121,0.3983,,,
1877-12-01,-0.02773318,0.33217169727333334,,,-0.509096,0.27448100833333344,0.13,0.4073,,,
1878-01-01,-0.040545285,0.3193595922733334,,,-0.526643,0.25693400833333346,0.085,0.3623,,,
1878-02-01,0.2611604,0.6210652772733334,,,-0.441157,0.3424200083333334,0.185,0.4623,,,
1878-03-01,0.40298346,0.7628883372733334,,,-0.28642,0.49715700833333343,0.263,0.5403,,,
1878-04-01,0.2096044,0.5695092772733333,,,-0.407471,0.3761060083333334,0.29,0.5672999999999999,,,
1878-05-01,-0.09169709,0.2682077872733334,,,-0.579654,0.20392300833333343,0.003,0.2803,,,
1878-06-01,0.018226331,0.37813120827333335,,,-0.369052,0.41452500833333344,-0.073,0.20429999999999998,,,
1878-07-01,-0.06168844,0.29821643727333336,,,-0.373961,0.40961600833333345,0.111,0.3883,,,
1878-08-01,-0.044937383,0.31496749427333337,,,-0.550761,0.2328160083333335,0.01,0.2873,,,
1878-09-01,0.027774988,0.38767986527333337,,,-0.527842,0.2557350083333334,0.015,0.2923,,,
1878-10-01,-0.14774789,0.21215698727333338,,,-0.6717,0.11187700833333347,-0.054,0.2233,,,
1878-11-01,-0.11894861,0.24095626727333336,,,-0.691823,0.09175400833333347,-0.073,0.20429999999999998,,,
1878-12-01,-0.29041678,0.06948809727333338,,,-0.678341,0.10523600833333346,-0.037,0.24029999999999999,,,
1879-01-01,-0.21224488,0.14765999727333337,,,-0.706965,0.07661200833333348,0.05,0.3273,,,
1879-02-01,-0.23732424,0.12258063727333338,,,-0.875882,-0.09230499166666661,-0.102,0.1753,,,
1879-03-01,-0.2468275,0.11307737727333336,,,-0.650025,0.13355200833333347,-0.042,0.23529999999999998,,,
1879-04-01,-0.35663566,0.003269217273333347,,,-0.847843,-0.06426599166666658,-0.132,0.14529999999999998,,,
1879-05-01,-0.33014044,0.02976443727333339,,,-0.737695,0.045882008333333446,-0.191,0.08629999999999999,,,
1879-06-01,-0.24984536,0.11005951727333338,,,-0.697801,0.08577600833333343,-0.345,-0.06769999999999998,,,
1879-07-01,-0.27273142,0.08717345727333337,,,-0.654999,0.12857800833333344,-0.365,-0.0877,,,
1879-08-01,-0.26216966,0.09773521727333334,,,-0.75255,0.031027008333333383,-0.311,-0.03370000000000001,,,
1879-09-01,-0.22895597,0.13094890727333336,,,-0.799339,-0.015761991666666586,-0.352,-0.07469999999999999,,,
1879-10-01,-0.15026024,0.20964463727333338,,,-0.864912,-0.08133499166666658,-0.11,0.1673,,,
1879-11-01,-0.375377,-0.015472122726666648,,,-0.901993,-0.11841599166666661,-0.208,0.0693,,,
1879-12-01,-0.5423144,-0.1824095227266666,,,-0.938222,-0.15464499166666656,-0.36,-0.0827,,,
1880-01-01,-0.38161263,-0.02170775272666664,-0.19,0.07354166666666667,-1.014504,-0.23092699166666664,-0.386,-0.10870000000000002,,,
1880-02-01,-0.43311024,-0.07320536272666661,-0.25,0.013541666666666667,-1.115281,-0.33170399166666653,-0.373,-0.09570000000000001,,,
1880-03-01,-0.18159075,0.17831412727333337,-0.09,0.17354166666666668,-0.823192,-0.0396149916666666,-0.193,0.08429999999999999,,,
1880-04-01,-0.32494053,0.03496434727333336,-0.16,0.10354166666666667,-0.759916,0.0236610083333334,-0.225,0.052299999999999985,,,
1880-05-01,-0.3183276,0.04157727727333338,-0.1,0.16354166666666667,-0.757261,0.026316008333333474,-0.119,0.1583,,,
1880-06-01,-0.36678445,-0.006879572726666616,-0.21,0.053541666666666675,-0.702427,0.08115000833333341,-0.329,-0.051700000000000024,,,
1880-07-01,-0.32001582,0.03988905727333336,-0.19,0.07354166666666667,-0.793501,-0.009923991666666576,-0.288,-0.010699999999999987,,,
1880-08-01,-0.09490704,0.26499783727333337,-0.1,0.16354166666666667,-0.609638,0.17393900833333342,-0.16,0.11729999999999999,,,
1880-09-01,-0.28835458,0.07155029727333334,-0.15,0.11354166666666668,-0.816499,-0.03292199166666654,-0.264,0.013299999999999979,,,
1880-10-01,-0.37529442,-0.01538954272666665,-0.24,0.023541666666666676,-0.795248,-0.01167099166666652,-0.241,0.0363,,,
1880-11-01,-0.25912246,0.10078241727333337,-0.22,0.043541666666666666,-0.746675,0.03690200833333346,-0.063,0.2143,,,
1880-12-01,-0.29402268,0.06588219727333339,-0.18,0.08354166666666668,-0.707961,0.07561600833333348,0.045,0.3223,,,
1881-01-01,-0.17389436,0.18601051727333337,-0.2,0.06354166666666666,-0.699716,0.08386100833333343,-0.164,0.11329999999999998,,,
1881-02-01,-0.19964735,0.16025752727333337,-0.14,0.12354166666666666,-0.743726,0.03985100833333344,0.055,0.3323,,,
1881-03-01,-0.21539329,0.14451158727333338,0.03,0.29354166666666665,-0.754213,0.029364008333333413,-0.18,0.0973,,,
1881-04-01,-0.053380866,0.3065240112733334,0.05,0.31354166666666666,-0.598946,0.18463100833333346,-0.036,0.2413,,,
1881-05-01,-0.09867079,0.26123408727333336,0.06,0.32354166666666667,-0.533315,0.25026200833333345,-0.042,0.23529999999999998,,,
1881-06-01,-0.3896171,-0.029712222726666626,-0.19,0.07354166666666667,-0.721604,0.06197300833333341,-0.328,-0.05070000000000002,,,
1881-07-01,-0.18268445,0.17722042727333337,0.0,0.2635416666666667,-0.6364,0.14717700833333347,-0.203,0.07429999999999998,,,
1881-08-01,-0.13180213,0.22810274727333338,-0.04,0.22354166666666667,-0.695738,0.08783900833333347,-0.159,0.11829999999999999,,,
1881-09-01,-0.28668466,0.07322021727333339,-0.15,0.11354166666666668,-0.815921,-0.03234399166666657,-0.311,-0.03370000000000001,,,
1881-10-01,-0.21702819,0.14287668727333336,-0.21,0.053541666666666675,-0.830865,-0.04728799166666653,-0.193,0.08429999999999999,,,
1881-11-01,-0.36992458,-0.010019702726666635,-0.19,0.07354166666666667,-0.881129,-0.09755199166666662,-0.336,-0.05870000000000003,,,
1881-12-01,-0.23740786,0.12249701727333337,-0.07,0.19354166666666667,-0.593534,0.19004300833333343,-0.189,0.08829999999999999,,,
1882-01-01,-0.01183915,0.34806572727333335,0.16,0.42354166666666665,-0.545521,0.2380560083333334,0.003,0.2803,,,
1882-02-01,-0.09814544,0.2617594372733334,0.14,0.40354166666666663,-0.780724,0.002853008333333462,-0.188,0.08929999999999999,,,
1882-03-01,-0.14596203,0.21394284727333338,0.05,0.31354166666666666,-0.739447,0.04413000833333347,-0.091,0.1863,,,
1882-04-01,-0.289168,0.07073687727333339,-0.16,0.10354166666666667,-0.85492,-0.07134299166666658,-0.185,0.0923,,,
1882-05-01,-0.28977147,0.07013340727333339,-0.14,0.12354166666666666,-0.711846,0.07173100833333346,-0.235,0.042300000000000004,,,
1882-06-01,-0.35807094,0.0018339372733333636,-0.22,0.043541666666666666,-0.810782,-0.027204991666666567,-0.358,-0.0807,,,
1882-07-01,-0.30782253,0.052082347273333385,-0.16,0.10354166666666667,-0.772368,0.011209008333333381,-0.292,-0.01469999999999999,,,
1882-08-01,-0.22393064,0.13597423727333338,-0.08,0.1835416666666667,-0.707674,0.07590300833333341,-0.27,0.007299999999999973,,,
1882-09-01,-0.14529543,0.21460944727333336,-0.15,0.11354166666666668,-0.767758,0.015819008333333384,-0.24,0.0373,,,
1882-10-01,-0.3824074,-0.02250252272666664,-0.23,0.03354166666666666,-0.969664,-0.18608699166666653,-0.208,0.0693,,,
1882-11-01,-0.38512057,-0.025215692726666628,-0.17,0.09354166666666666,-0.896938,-0.11336099166666658,-0.258,0.019299999999999984,,,
1882-12-01,-0.62776095,-0.2678560727266666,-0.36,-0.09645833333333331,-0.940037,-0.15645999166666658,-0.348,-0.07069999999999999,,,
1883-01-01,-0.44033122,-0.08042634272666666,-0.29,-0.026458333333333313,-0.879203,-0.09562599166666652,-0.319,-0.041700000000000015,,,
1883-02-01,-0.44839785,-0.08849297272666662,-0.36,-0.09645833333333331,-0.980984,-0.19740699166666653,-0.235,0.042300000000000004,,,
1883-03-01,-0.2486792,0.11122567727333338,-0.12,0.14354166666666668,-0.715911,0.06766600833333347,-0.118,0.1593,,,
1883-04-01,-0.41655695,-0.056652072726666614,-0.18,0.08354166666666668,-0.850152,-0.06657499166666658,-0.249,0.028299999999999992,,,
1883-05-01,-0.3234544,0.03645047727333339,-0.17,0.09354166666666666,-0.637296,0.14628100833333346,-0.259,0.018299999999999983,,,
1883-06-01,-0.1592449,0.20065997727333337,-0.07,0.19354166666666667,-0.444144,0.33943300833333345,-0.215,0.062299999999999994,,,
1883-07-01,-0.21554062,0.14436425727333338,-0.07,0.19354166666666667,-0.668127,0.11545000833333341,-0.348,-0.07069999999999999,,,
1883-08-01,-0.27767068,0.08223419727333336,-0.14,0.12354166666666666,-0.789918,-0.006340991666666573,-0.356,-0.07869999999999999,,,
1883-09-01,-0.3012298,0.058675077273333376,-0.22,0.043541666666666666,-0.828853,-0.045275991666666515,-0.28,-0.0027000000000000357,,,
1883-10-01,-0.32315385,0.03675102727333335,-0.11,0.15354166666666666,-0.972281,-0.18870399166666652,-0.383,-0.10570000000000002,,,
1883-11-01,-0.3733057,-0.01340082272666665,-0.24,0.023541666666666676,-0.859417,-0.07583999166666655,-0.318,-0.040700000000000014,,,
1883-12-01,-0.40312,-0.04321512272666661,-0.11,0.15354166666666666,-0.873446,-0.08986899166666651,-0.341,-0.06370000000000003,,,
1884-01-01,-0.42596686,-0.06606198272666663,-0.13,0.13354166666666667,-0.911988,-0.12841099166666659,-0.343,-0.06570000000000004,,,
1884-02-01,-0.31035388,0.04955099727333334,-0.08,0.1835416666666667,-0.835769,-0.05219199166666655,-0.101,0.17629999999999998,,,
1884-03-01,-0.49140382,-0.13149894272666662,-0.36,-0.09645833333333331,-1.106641,-0.32306399166666655,-0.299,-0.021699999999999997,,,
1884-04-01,-0.4687395,-0.10883462272666661,-0.39,-0.12645833333333334,-0.984845,-0.20126799166666653,-0.457,-0.17970000000000003,,,
1884-05-01,-0.546081,-0.18617612272666667,-0.33,-0.06645833333333334,-0.847105,-0.06352799166666656,-0.46,-0.18270000000000003,,,
1884-06-01,-0.48808527,-0.12818039272666665,-0.35,-0.0864583333333333,-0.792168,-0.008590991666666548,-0.451,-0.17370000000000002,,,
1884-07-01,-0.5557362,-0.19583132272666665,-0.3,-0.03645833333333332,-0.863855,-0.0802779916666666,-0.549,-0.27170000000000005,,,
1884-08-01,-0.41976324,-0.059858362726666614,-0.28,-0.01645833333333336,-0.859045,-0.07546799166666651,-0.573,-0.29569999999999996,,,
1884-09-01,-0.49775514,-0.13785026272666662,-0.27,-0.006458333333333351,-0.935203,-0.15162599166666657,-0.586,-0.3087,,,
1884-10-01,-0.44827563,-0.08837075272666661,-0.25,0.013541666666666667,-0.957994,-0.17441699166666658,-0.332,-0.054700000000000026,,,
1884-11-01,-0.5692634,-0.2093585227266666,-0.33,-0.06645833333333334,-0.970562,-0.1869849916666666,-0.454,-0.17670000000000002,,,
1884-12-01,-0.4719657,-0.11206082272666662,-0.31,-0.04645833333333333,-0.650234,0.13334300833333346,-0.333,-0.05570000000000003,,,
1885-01-01,-0.64483386,-0.2849289827266666,-0.58,-0.31645833333333334,-0.966388,-0.1828109916666666,-0.428,-0.1507,,,
1885-02-01,-0.53865534,-0.17875046272666667,-0.34,-0.07645833333333335,-0.873466,-0.08988899166666653,-0.422,-0.1447,,,
1885-03-01,-0.40757763,-0.047672752726666656,-0.27,-0.006458333333333351,-1.019461,-0.23588399166666651,-0.419,-0.1417,,,
1885-04-01,-0.61834466,-0.2584397827266666,-0.42,-0.1564583333333333,-1.028292,-0.24471499166666655,-0.426,-0.1487,,,
1885-05-01,-0.591991,-0.23208612272666668,-0.45,-0.18645833333333334,-0.811602,-0.02802499166666661,-0.445,-0.16770000000000002,,,
1885-06-01,-0.6258631,-0.26595822272666664,-0.44,-0.17645833333333333,-0.855582,-0.07200499166666652,-0.63,-0.3527,,,
1885-07-01,-0.40865657,-0.04875169272666663,-0.34,-0.07645833333333335,-0.752766,0.03081100833333339,-0.541,-0.26370000000000005,,,
1885-08-01,-0.3960784,-0.03617352272666663,-0.31,-0.04645833333333333,-0.75699,0.026587008333333384,-0.479,-0.2017,,,
1885-09-01,-0.34767368,0.012231197273333383,-0.28,-0.01645833333333336,-0.832575,-0.04899799166666652,-0.375,-0.09770000000000001,,,
1885-10-01,-0.3461016,0.013803277273333359,-0.24,0.023541666666666676,-0.820795,-0.03721799166666662,-0.227,0.050299999999999984,,,
1885-11-01,-0.3677833,-0.007878422726666612,-0.24,0.023541666666666676,-0.796017,-0.012439991666666539,-0.298,-0.020699999999999996,,,
1885-12-01,-0.20402879,0.15587608727333338,-0.11,0.15354166666666666,-0.659491,0.12408600833333339,-0.164,0.11329999999999998,,,
1886-01-01,-0.4578638,-0.09795892272666662,-0.44,-0.17645833333333333,-0.906423,-0.12284599166666654,-0.467,-0.18970000000000004,,,
1886-02-01,-0.4703034,-0.11039852272666661,-0.51,-0.24645833333333336,-1.022418,-0.2388409916666666,-0.386,-0.10870000000000002,,,
1886-03-01,-0.46656862,-0.10666374272666662,-0.43,-0.16645833333333332,-1.105629,-0.32205199166666654,-0.377,-0.09970000000000001,,,
1886-04-01,-0.34330103,0.01660384727333336,-0.28,-0.01645833333333336,-0.868422,-0.08484499166666659,-0.254,0.023299999999999987,,,
1886-05-01,-0.27936617,0.08053870727333334,-0.24,0.023541666666666676,-0.817904,-0.03432699166666653,-0.34,-0.06270000000000003,,,
1886-06-01,-0.4983292,-0.13842432272666666,-0.35,-0.0864583333333333,-0.841839,-0.05826199166666657,-0.558,-0.28070000000000006,,,
1886-07-01,-0.2972087,0.06269617727333338,-0.18,0.08354166666666668,-0.747873,0.035704008333333426,-0.367,-0.0897,,,
1886-08-01,-0.44951415,-0.08960927272666663,-0.31,-0.04645833333333333,-0.738601,0.044976008333333484,-0.431,-0.1537,,,
1886-09-01,-0.38023543,-0.020330552726666618,-0.24,0.023541666666666676,-0.87413,-0.09055299166666653,-0.435,-0.1577,,,
1886-10-01,-0.39917353,-0.03926865272666663,-0.28,-0.01645833333333336,-0.937278,-0.1537009916666665,-0.402,-0.12470000000000003,,,
1886-11-01,-0.47561848,-0.11571360272666664,-0.28,-0.01645833333333336,-0.916244,-0.1326669916666665,-0.474,-0.19669999999999999,,,
1886-12-01,-0.38060185,-0.02069697272666665,-0.25,0.013541666666666667,-0.822656,-0.03907899166666662,-0.393,-0.11570000000000003,,,
1887-01-01,-0.73406196,-0.37415708272666665,-0.72,-0.45645833333333335,-1.254955,-0.4713779916666666,-0.669,-0.39170000000000005,,,
1887-02-01,-0.6457775,-0.28587262272666664,-0.57,-0.30645833333333333,-1.114114,-0.3305369916666666,-0.618,-0.3407,,,
1887-03-01,-0.43512297,-0.07521809272666663,-0.36,-0.09645833333333331,-1.075424,-0.2918469916666665,-0.439,-0.1617,,,
1887-04-01,-0.47299397,-0.11308909272666662,-0.35,-0.0864583333333333,-0.986431,-0.2028539916666665,-0.356,-0.07869999999999999,,,
1887-05-01,-0.5124649,-0.15256002272666663,-0.31,-0.04645833333333333,-0.948074,-0.16449699166666654,-0.532,-0.25470000000000004,,,
1887-06-01,-0.5117098,-0.15180492272666662,-0.25,0.013541666666666667,-0.868822,-0.08524499166666655,-0.559,-0.28170000000000006,,,
1887-07-01,-0.37888822,-0.01898334272666663,-0.26,0.0035416666666666582,-0.790439,-0.006861991666666567,-0.365,-0.0877,,,
1887-08-01,-0.43830377,-0.07839889272666661,-0.35,-0.0864583333333333,-0.845295,-0.06171799166666658,-0.541,-0.26370000000000005,,,
1887-09-01,-0.37885422,-0.01894934272666665,-0.26,0.0035416666666666582,-0.805929,-0.02235199166666657,-0.484,-0.2067,,,
1887-10-01,-0.43443972,-0.0745348427266666,-0.35,-0.0864583333333333,-0.975841,-0.19226399166666652,-0.367,-0.0897,,,
1887-11-01,-0.42817745,-0.06827257272666665,-0.26,0.0035416666666666582,-0.922095,-0.13851799166666656,-0.392,-0.11470000000000002,,,
1887-12-01,-0.48930418,-0.1293993027266666,-0.33,-0.06645833333333334,-0.967313,-0.18373599166666654,-0.326,-0.04870000000000002,,,
1888-01-01,-0.6150694,-0.2551645227266666,-0.34,-0.07645833333333335,-0.816287,-0.03270999166666655,-0.419,-0.1417,,,
1888-02-01,-0.58524644,-0.22534156272666667,-0.37,-0.10645833333333332,-0.980542,-0.1969649916666666,-0.47,-0.19269999999999998,,,
1888-03-01,-0.59260166,-0.23269678272666666,-0.42,-0.1564583333333333,-0.914053,-0.13047599166666657,-0.398,-0.12070000000000003,,,
1888-04-01,-0.34351316,0.016391717273333384,-0.21,0.053541666666666675,-0.941126,-0.15754899166666658,-0.378,-0.10070000000000001,,,
1888-05-01,-0.39860126,-0.038696382726666645,-0.22,0.043541666666666666,-0.761397,0.022180008333333445,-0.315,-0.03770000000000001,,,
1888-06-01,-0.31458974,0.04531513727333336,-0.17,0.09354166666666666,-0.713729,0.06984800833333349,-0.198,0.07929999999999998,,,
1888-07-01,-0.33486822,0.025036657273333374,-0.11,0.15354166666666666,-0.601367,0.18221000833333345,-0.38,-0.10270000000000001,,,
1888-08-01,-0.30383828,0.05606659727333335,-0.16,0.10354166666666667,-0.664559,0.11901800833333342,-0.322,-0.04470000000000002,,,
1888-09-01,-0.3202068,0.039698077273333354,-0.12,0.14354166666666668,-0.780251,0.003326008333333408,-0.239,0.0383,,,
1888-10-01,-0.15795669,0.20194818727333336,0.01,0.2735416666666667,-0.526855,0.2567220083333335,-0.078,0.19929999999999998,,,
1888-11-01,-0.25640315,0.10350172727333334,0.02,0.28354166666666664,-0.534135,0.2494420083333334,-0.118,0.1593,,,
1888-12-01,-0.24815148,0.11175339727333336,-0.05,0.21354166666666666,-0.625931,0.15764600833333342,-0.03,0.2473,,,
1889-01-01,-0.2938654,0.06603947727333337,-0.1,0.16354166666666667,-0.595298,0.18827900833333344,-0.05,0.2273,,,
1889-02-01,-0.005193013,0.35471186427333334,0.16,0.42354166666666665,-0.4775,0.30607700833333346,0.091,0.36829999999999996,,,
1889-03-01,-0.079265535,0.28063934227333337,0.06,0.32354166666666667,-0.603463,0.18011400833333346,0.161,0.4383,,,
1889-04-01,-0.08213419,0.27777068727333337,0.09,0.35354166666666664,-0.593791,0.18978600833333348,0.025,0.3023,,,
1889-05-01,-0.15753026,0.20237461727333336,-0.01,0.25354166666666667,-0.541827,0.2417500083333335,-0.077,0.20029999999999998,,,
1889-06-01,-0.21602155,0.14388332727333336,-0.1,0.16354166666666667,-0.62772,0.1558570083333335,-0.259,0.018299999999999983,,,
1889-07-01,-0.2909722,0.06893267727333335,-0.08,0.1835416666666667,-0.655195,0.12838200833333346,-0.235,0.042300000000000004,,,
1889-08-01,-0.31507355,0.04483132727333339,-0.21,0.053541666666666675,-0.668055,0.11552200833333348,-0.334,-0.05670000000000003,,,
1889-09-01,-0.34933463,0.010570247273333389,-0.24,0.023541666666666676,-0.744507,0.039070008333333406,-0.391,-0.11370000000000002,,,
1889-10-01,-0.36077714,-0.0008722627266666283,-0.25,0.013541666666666667,-0.816215,-0.03263799166666659,-0.285,-0.007699999999999985,,,
1889-11-01,-0.50869274,-0.1487878627266666,-0.34,-0.07645833333333335,-0.911115,-0.12753799166666657,-0.344,-0.06669999999999998,,,
1889-12-01,-0.34596378,0.01394109727333337,-0.29,-0.026458333333333313,-0.83854,-0.054962991666666516,-0.163,0.11429999999999998,,,
1890-01-01,-0.5159252,-0.1560203227266666,-0.43,-0.16645833333333332,-0.987731,-0.2041539916666666,-0.407,-0.12969999999999998,,,
1890-02-01,-0.44864374,-0.08873886272666665,-0.45,-0.18645833333333334,-0.949193,-0.16561599166666652,-0.302,-0.0247,,,
1890-03-01,-0.6163973,-0.25649242272666667,-0.4,-0.13645833333333335,-0.966296,-0.1827189916666666,-0.422,-0.1447,,,
1890-04-01,-0.49194187,-0.13203699272666664,-0.3,-0.03645833333333332,-1.000422,-0.2168449916666665,-0.313,-0.03570000000000001,,,
1890-05-01,-0.5294894,-0.16958452272666663,-0.4,-0.13645833333333335,-0.862481,-0.07890399166666662,-0.369,-0.0917,,,
1890-06-01,-0.4847464,-0.12484152272666665,-0.25,0.013541666666666667,-0.909376,-0.12579899166666653,-0.451,-0.17370000000000002,,,
1890-07-01,-0.4857722,-0.12586732272666662,-0.28,-0.01645833333333336,-0.83926,-0.05568299166666657,-0.525,-0.24770000000000003,,,
1890-08-01,-0.46876624,-0.10886136272666663,-0.4,-0.13645833333333335,-0.923569,-0.13999199166666654,-0.501,-0.2237,,,
1890-09-01,-0.47662684,-0.11672196272666663,-0.37,-0.10645833333333332,-0.961568,-0.17799099166666654,-0.496,-0.2187,,,
1890-10-01,-0.436706,-0.07680112272666662,-0.25,0.013541666666666667,-0.840252,-0.05667499166666656,-0.284,-0.006699999999999984,,,
1890-11-01,-0.667224,-0.30731912272666667,-0.44,-0.17645833333333333,-1.049791,-0.2662139916666665,-0.53,-0.25270000000000004,,,
1890-12-01,-0.38076168,-0.020856802726666623,-0.32,-0.05645833333333334,-0.848526,-0.06494899166666657,-0.329,-0.051700000000000024,,,
1891-01-01,-0.5744326,-0.2145277227266666,-0.34,-0.07645833333333335,-0.932391,-0.14881399166666653,-0.373,-0.09570000000000001,,,
1891-02-01,-0.592817,-0.23291212272666667,-0.46,-0.19645833333333335,-1.120068,-0.33649099166666663,-0.486,-0.2087,,,
1891-03-01,-0.35578015,0.004124727273333351,-0.18,0.08354166666666668,-0.8758,-0.09222299166666659,-0.251,0.02629999999999999,,,
1891-04-01,-0.43793827,-0.07803339272666665,-0.27,-0.006458333333333351,-0.890199,-0.10662199166666653,-0.242,0.0353,,,
1891-05-01,-0.3342067,0.025698177273333345,-0.16,0.10354166666666667,-0.716825,0.06675200833333339,-0.212,0.0653,,,
1891-06-01,-0.3654178,-0.005512922726666647,-0.21,0.053541666666666675,-0.704027,0.07955000833333348,-0.23,0.04729999999999998,,,
1891-07-01,-0.40023366,-0.04032878272666662,-0.18,0.08354166666666668,-0.783013,0.0005640083333334767,-0.457,-0.17970000000000003,,,
1891-08-01,-0.3607474,-0.000842522726666628,-0.17,0.09354166666666666,-0.789933,-0.006355991666666561,-0.349,-0.07169999999999999,,,
1891-09-01,-0.26140827,0.09849660727333337,-0.15,0.11354166666666668,-0.812601,-0.029023991666666582,-0.254,0.023299999999999987,,,
1891-10-01,-0.334176,0.025728877273333395,-0.22,0.043541666666666666,-0.809156,-0.02557899166666655,-0.241,0.0363,,,
1891-11-01,-0.5299838,-0.17007892272666664,-0.31,-0.04645833333333333,-0.98,-0.19642299166666655,-0.367,-0.0897,,,
1891-12-01,-0.22325908,0.13664579727333337,-0.04,0.22354166666666667,-0.774676,0.008901008333333404,-0.209,0.0683,,,
1892-01-01,-0.4716348,-0.11172992272666665,-0.3,-0.03645833333333332,-0.827567,-0.04398999166666662,-0.195,0.08229999999999998,,,
1892-02-01,-0.2880402,0.07186467727333334,-0.12,0.14354166666666668,-0.746557,0.03702000833333341,-0.228,0.04929999999999998,,,
1892-03-01,-0.5216312,-0.1617263227266666,-0.4,-0.13645833333333335,-0.894973,-0.11139599166666658,-0.364,-0.0867,,,
1892-04-01,-0.5370678,-0.17716292272666662,-0.33,-0.06645833333333334,-0.962977,-0.17939999166666654,-0.398,-0.12070000000000003,,,
1892-05-01,-0.4519514,-0.09204652272666664,-0.23,0.03354166666666666,-0.966715,-0.18313799166666656,-0.384,-0.10670000000000002,,,
1892-06-01,-0.43156624,-0.07166136272666662,-0.22,0.043541666666666666,-0.862164,-0.0785869916666666,-0.506,-0.22870000000000001,,,
1892-07-01,-0.58998394,-0.23007906272666662,-0.31,-0.04645833333333333,-0.98552,-0.20194299166666652,-0.566,-0.28869999999999996,,,
1892-08-01,-0.5112062,-0.1513013227266667,-0.27,-0.006458333333333351,-0.92961,-0.1460329916666666,-0.508,-0.23070000000000002,,,
1892-09-01,-0.38721508,-0.02731020272666662,-0.16,0.10354166666666667,-0.928254,-0.1446769916666666,-0.435,-0.1577,,,
1892-10-01,-0.43694773,-0.07704285272666661,-0.14,0.12354166666666666,-1.039002,-0.25542499166666655,-0.408,-0.13069999999999998,,,
1892-11-01,-0.6623413,-0.30243642272666665,-0.42,-0.1564583333333333,-1.126596,-0.3430189916666665,-0.622,-0.3447,,,
1892-12-01,-0.78923017,-0.4293252927266666,-0.39,-0.12645833333333334,-0.961869,-0.17829199166666654,-0.513,-0.23570000000000002,,,
1893-01-01,-1.039964,-0.6800591227266668,-0.81,-0.5464583333333334,-1.217971,-0.4343939916666665,-0.723,-0.4457,,,
1893-02-01,-0.8460627,-0.4861578227266666,-0.57,-0.30645833333333333,-1.028389,-0.24481199166666656,-0.546,-0.26870000000000005,,,
1893-03-01,-0.4214959,-0.06159102272666661,-0.22,0.043541666666666666,-1.044769,-0.2611919916666666,-0.333,-0.05570000000000003,,,
1893-04-01,-0.50831175,-0.14840687272666658,-0.28,-0.01645833333333336,-0.998506,-0.21492899166666657,-0.384,-0.10670000000000002,,,
1893-05-01,-0.57025254,-0.21034766272666666,-0.34,-0.07645833333333335,-0.935176,-0.15159899166666657,-0.371,-0.0937,,,
1893-06-01,-0.45261618,-0.09271130272666661,-0.25,0.013541666666666667,-0.742627,0.0409500083333334,-0.356,-0.07869999999999999,,,
1893-07-01,-0.2528014,0.10710347727333336,-0.14,0.12354166666666666,-0.73469,0.04888700833333348,-0.234,0.04329999999999998,,,
1893-08-01,-0.29511073,0.06479414727333338,-0.25,0.013541666666666667,-0.831949,-0.048371991666666614,-0.401,-0.12370000000000003,,,
1893-09-01,-0.36910433,-0.009199452726666613,-0.22,0.043541666666666666,-0.906117,-0.12253999166666651,-0.382,-0.10470000000000002,,,
1893-10-01,-0.3051906,0.05471427727333339,-0.18,0.08354166666666668,-0.842042,-0.05846499166666652,-0.267,0.010299999999999976,,,
1893-11-01,-0.40178445,-0.04187957272666665,-0.18,0.08354166666666668,-1.003897,-0.2203199916666666,-0.335,-0.05770000000000003,,,
1893-12-01,-0.47665915,-0.11675427272666661,-0.31,-0.04645833333333333,-0.994226,-0.21064899166666662,-0.312,-0.03470000000000001,,,
1894-01-01,-0.6304952,-0.27059032272666667,-0.53,-0.2664583333333334,-1.198889,-0.41531199166666666,-0.498,-0.2207,,,
1894-02-01,-0.41898477,-0.05907989272666664,-0.29,-0.026458333333333313,-1.075391,-0.29181399166666655,-0.413,-0.1357,,,
1894-03-01,-0.49809912,-0.13819424272666664,-0.23,0.03354166666666666,-1.028139,-0.24456199166666648,-0.355,-0.07769999999999999,,,
1894-04-01,-0.5233221,-0.16341722272666664,-0.45,-0.18645833333333334,-1.022253,-0.23867599166666664,-0.26,0.017299999999999982,,,
1894-05-01,-0.51352173,-0.15361685272666664,-0.31,-0.04645833333333333,-0.847771,-0.06419399166666662,-0.324,-0.04670000000000002,,,
1894-06-01,-0.5799579,-0.22005302272666666,-0.41,-0.1464583333333333,-0.966414,-0.18283699166666656,-0.45,-0.17270000000000002,,,
1894-07-01,-0.39804062,-0.038135742726666644,-0.24,0.023541666666666676,-0.738341,0.04523600833333341,-0.267,0.010299999999999976,,,
1894-08-01,-0.35465294,0.00525193727333334,-0.24,0.023541666666666676,-0.721618,0.061959008333333454,-0.213,0.0643,,,
1894-09-01,-0.43967047,-0.07976559272666661,-0.27,-0.006458333333333351,-0.905168,-0.12159099166666654,-0.359,-0.0817,,,
1894-10-01,-0.39872596,-0.03882108272666662,-0.23,0.03354166666666666,-0.964525,-0.18094799166666653,-0.333,-0.05570000000000003,,,
1894-11-01,-0.4509967,-0.0910918227266666,-0.26,0.0035416666666666582,-0.981155,-0.19757799166666656,-0.301,-0.0237,,,
1894-12-01,-0.5384868,-0.17858192272666668,-0.21,0.053541666666666675,-0.922445,-0.13886799166666652,-0.441,-0.1637,,,
1895-01-01,-0.6363193,-0.27641442272666666,-0.41,-0.1464583333333333,-0.993654,-0.2100769916666666,-0.425,-0.1477,,,
1895-02-01,-0.63207686,-0.2721719827266666,-0.43,-0.16645833333333332,-1.074715,-0.29113799166666665,-0.457,-0.17970000000000003,,,
1895-03-01,-0.60957813,-0.24967325272666668,-0.33,-0.06645833333333334,-0.965484,-0.18190699166666657,-0.334,-0.05670000000000003,,,
1895-04-01,-0.44812807,-0.08822319272666662,-0.22,0.043541666666666666,-0.809005,-0.02542799166666654,-0.271,0.006299999999999972,,,
1895-05-01,-0.4687639,-0.10885902272666664,-0.27,-0.006458333333333351,-0.846137,-0.06255999166666659,-0.237,0.0403,,,
1895-06-01,-0.42064583,-0.06074095272666663,-0.21,0.053541666666666675,-0.788783,-0.005205991666666576,-0.279,-0.0017000000000000348,,,
1895-07-01,-0.33815384,0.021751037273333385,-0.17,0.09354166666666666,-0.655588,0.1279890083333335,-0.16,0.11729999999999999,,,
1895-08-01,-0.37406406,-0.014159182726666608,-0.17,0.09354166666666666,-0.693278,0.09029900833333349,-0.252,0.02529999999999999,,,
1895-09-01,-0.38837868,-0.02847380272666661,-0.12,0.14354166666666668,-0.833206,-0.049628991666666566,-0.298,-0.020699999999999996,,,
1895-10-01,-0.31372356,0.046181317273333355,-0.1,0.16354166666666667,-0.880777,-0.0971999916666666,-0.224,0.053299999999999986,,,
1895-11-01,-0.3123746,0.047530277273333366,-0.17,0.09354166666666666,-0.746343,0.03723400833333346,-0.18,0.0973,,,
1895-12-01,-0.35983032,7.455727333338658e-5,-0.14,0.12354166666666666,-0.845251,-0.06167399166666654,-0.254,0.023299999999999987,,,
1896-01-01,-0.31443536,0.04546951727333337,-0.23,0.03354166666666666,-0.780248,0.003329008333333383,-0.152,0.1253,,,
1896-02-01,-0.32868984,0.031215037273333357,-0.13,0.13354166666666667,-0.87359,-0.09001299166666654,-0.22,0.05729999999999999,,,
1896-03-01,-0.5802674,-0.22036252272666662,-0.26,0.0035416666666666582,-0.873226,-0.08964899166666651,-0.219,0.05829999999999999,,,
1896-04-01,-0.5287299,-0.1688250227266666,-0.31,-0.04645833333333333,-0.958425,-0.17484799166666654,-0.268,0.009299999999999975,,,
1896-05-01,-0.3471449,0.01275997727333339,-0.16,0.10354166666666667,-0.838476,-0.05489899166666656,-0.169,0.10829999999999998,,,
1896-06-01,-0.22357856,0.13632631727333336,-0.11,0.15354166666666666,-0.613683,0.16989400833333346,-0.065,0.2123,,,
1896-07-01,-0.18469533,0.17520954727333338,-0.03,0.23354166666666668,-0.614325,0.16925200833333343,-0.126,0.1513,,,
1896-08-01,-0.17283933,0.18706554727333335,-0.05,0.21354166666666666,-0.586568,0.19700900833333346,-0.06,0.2173,,,
1896-09-01,-0.1551277,0.20477717727333336,-0.07,0.19354166666666667,-0.685333,0.09824400833333347,-0.206,0.0713,,,
1896-10-01,-0.11704905,0.24285582727333338,0.06,0.32354166666666667,-0.652523,0.13105400833333347,-0.07,0.20729999999999998,,,
1896-11-01,-0.30805147,0.051853407273333374,-0.05,0.21354166666666666,-0.711453,0.07212400833333343,-0.164,0.11329999999999998,,,
1896-12-01,-0.08252435,0.2773805272733334,-0.05,0.21354166666666666,-0.71009,0.07348700833333344,0.029,0.3063,,,
1897-01-01,-0.28979796,0.07010691727333335,-0.15,0.11354166666666668,-0.73846,0.04511700833333343,-0.085,0.19229999999999997,,,
1897-02-01,-0.33754954,0.022355337273333387,-0.17,0.09354166666666666,-0.88447,-0.10089299166666654,-0.215,0.062299999999999994,,,
1897-03-01,-0.41013247,-0.05022759272666666,-0.14,0.12354166666666666,-0.849907,-0.06632999166666653,-0.149,0.1283,,,
1897-04-01,-0.10872677,0.25117810727333334,-0.03,0.23354166666666668,-0.661472,0.12210500833333349,0.004,0.2813,,,
1897-05-01,-0.12141722,0.23848765727333338,-0.02,0.24354166666666668,-0.692867,0.09071000833333343,-0.041,0.23629999999999998,,,
1897-06-01,-0.16981138,0.19009349727333336,-0.12,0.14354166666666668,-0.688571,0.09500600833333339,-0.131,0.14629999999999999,,,
1897-07-01,-0.18994027,0.16996460727333337,-0.03,0.23354166666666668,-0.640461,0.1431160083333335,-0.064,0.2133,,,
1897-08-01,-0.18287988,0.17702499727333337,-0.09,0.17354166666666668,-0.617257,0.1663200083333335,-0.076,0.20129999999999998,,,
1897-09-01,-0.17639543,0.18350944727333338,-0.08,0.1835416666666667,-0.74815,0.035427008333333454,-0.183,0.0943,,,
1897-10-01,-0.2057948,0.15411007727333337,-0.13,0.13354166666666667,-0.8212,-0.037622991666666605,-0.09,0.1873,,,
1897-11-01,-0.41009948,-0.05019460272666665,-0.18,0.08354166666666668,-0.750362,0.03321500833333346,-0.193,0.08429999999999999,,,
1897-12-01,-0.4532625,-0.09335762272666664,-0.2,0.06354166666666666,-0.7026,0.08097700833333343,-0.157,0.12029999999999999,,,
1898-01-01,-0.18524984,0.17465503727333337,-0.03,0.23354166666666668,-0.84606,-0.0624829916666666,-0.082,0.19529999999999997,,,
1898-02-01,-0.5439892,-0.18408432272666658,-0.3,-0.03645833333333332,-1.014871,-0.23129399166666664,-0.334,-0.05670000000000003,,,
1898-03-01,-0.83337635,-0.4734714727266666,-0.51,-0.24645833333333336,-1.142673,-0.3590959916666666,-0.412,-0.1347,,,
1898-04-01,-0.66045624,-0.30055136272666666,-0.31,-0.04645833333333333,-0.972887,-0.1893099916666665,-0.32,-0.042700000000000016,,,
1898-05-01,-0.5480182,-0.18811332272666664,-0.31,-0.04645833333333333,-0.876136,-0.09255899166666659,-0.333,-0.05570000000000003,,,
1898-06-01,-0.3343065,0.02559837727333336,-0.19,0.07354166666666667,-0.729869,0.053708008333333446,-0.248,0.029299999999999993,,,
1898-07-01,-0.39074147,-0.030836592726666612,-0.22,0.043541666666666666,-0.697619,0.08595800833333345,-0.272,0.005299999999999971,,,
1898-08-01,-0.3948271,-0.03492222272666662,-0.27,-0.006458333333333351,-0.697658,0.08591900833333344,-0.336,-0.05870000000000003,,,
1898-09-01,-0.35992736,-2.2482726666606112e-5,-0.21,0.053541666666666675,-0.752435,0.03114200833333347,-0.249,0.028299999999999992,,,
1898-10-01,-0.4759396,-0.11603472272666665,-0.34,-0.07645833333333335,-0.949394,-0.16581699166666652,-0.355,-0.07769999999999999,,,
1898-11-01,-0.49485758,-0.13495270272666665,-0.39,-0.12645833333333334,-0.990993,-0.20741599166666658,-0.304,-0.0267,,,
1898-12-01,-0.46680996,-0.10690508272666666,-0.23,0.03354166666666666,-0.841282,-0.05770499166666654,-0.36,-0.0827,,,
1899-01-01,-0.34363872,0.01626615727333336,-0.17,0.09354166666666666,-0.896179,-0.11260199166666651,-0.262,0.01529999999999998,,,
1899-02-01,-0.5276006,-0.1676957227266666,-0.38,-0.11645833333333333,-0.969483,-0.18590599166666655,-0.295,-0.017699999999999994,,,
1899-03-01,-0.5633823,-0.20347742272666663,-0.35,-0.0864583333333333,-0.942419,-0.15884199166666657,-0.315,-0.03770000000000001,,,
1899-04-01,-0.41769972,-0.05779484272666663,-0.2,0.06354166666666666,-0.883374,-0.09979699166666656,-0.279,-0.0017000000000000348,,,
1899-05-01,-0.3581083,0.0017965772733333774,-0.23,0.03354166666666666,-0.795115,-0.01153799166666658,-0.186,0.09129999999999999,,,
1899-06-01,-0.50719625,-0.14729137272666665,-0.31,-0.04645833333333333,-0.863806,-0.08022899166666653,-0.347,-0.06969999999999998,,,
1899-07-01,-0.36427894,-0.004374062726666628,-0.16,0.10354166666666667,-0.675796,0.10778100833333348,-0.233,0.04429999999999998,,,
1899-08-01,-0.23684002,0.12306485727333336,-0.08,0.1835416666666667,-0.652162,0.13141500833333342,-0.143,0.1343,,,
1899-09-01,-0.14301513,0.21688974727333338,-0.05,0.21354166666666666,-0.614955,0.1686220083333334,-0.111,0.1663,,,
1899-10-01,-0.17585902,0.18404585727333336,-0.04,0.22354166666666667,-0.730965,0.05261200833333346,-0.052,0.2253,,,
1899-11-01,-0.04654972,0.31335515727333335,0.12,0.3835416666666666,-0.661261,0.12231600833333345,0.041,0.31829999999999997,,,
1899-12-01,-0.44751418,-0.08760930272666662,-0.27,-0.006458333333333351,-0.640996,0.14258100833333343,-0.142,0.1353,,,
1900-01-01,-0.4812047,-0.12129982272666662,-0.36,-0.09645833333333331,-0.884503,-0.1009259916666666,-0.205,0.0723,,,
1900-02-01,-0.19196466,0.16794021727333336,-0.06,0.20354166666666668,-0.591382,0.19219500833333347,0.118,0.3953,,,
1900-03-01,-0.19894376,0.16096111727333337,0.0,0.2635416666666667,-0.73575,0.04782700833333342,-0.065,0.2123,,,
1900-04-01,-0.22531228,0.13459259727333336,-0.09,0.17354166666666668,-0.730534,0.05304300833333342,-0.129,0.1483,,,
1900-05-01,-0.30053034,0.05937453727333336,-0.09,0.17354166666666668,-0.699117,0.08446000833333345,-0.156,0.12129999999999999,,,
1900-06-01,-0.22326255,0.13664232727333336,-0.1,0.16354166666666667,-0.611699,0.17187800833333344,-0.066,0.2113,,,
1900-07-01,-0.20973341,0.15017146727333336,-0.13,0.13354166666666667,-0.670517,0.1130600083333334,-0.17,0.10729999999999998,,,
1900-08-01,-0.21000378,0.14990109727333337,-0.09,0.17354166666666668,-0.683728,0.09984900833333343,-0.159,0.11829999999999999,,,
1900-09-01,-0.19286992,0.16703495727333337,-0.05,0.21354166666666666,-0.729372,0.054205008333333415,-0.123,0.1543,,,
1900-10-01,-0.057791393,0.30211348427333334,0.09,0.35354166666666664,-0.628456,0.15512100833333342,0.039,0.31629999999999997,,,
1900-11-01,-0.2571459,0.10275897727333339,-0.07,0.19354166666666667,-0.724388,0.059189008333333404,-0.118,0.1593,,,
1900-12-01,-0.21316338,0.14674149727333335,-0.07,0.19354166666666667,-0.627726,0.15585100833333343,-0.046,0.2313,,,
1901-01-01,-0.26402086,0.09588401727333334,-0.22,0.043541666666666666,-0.790568,-0.006990991666666613,-0.2,0.07729999999999998,,,
1901-02-01,-0.25840166,0.10150321727333339,-0.11,0.15354166666666666,-0.784327,-0.0007499916666665607,-0.11,0.1673,,,
1901-03-01,-0.17977652,0.18012835727333337,0.06,0.32354166666666667,-0.622393,0.16118400833333346,-0.119,0.1583,,,
1901-04-01,-0.16481967,0.19508520727333337,-0.02,0.24354166666666668,-0.625995,0.15758200833333347,-0.069,0.20829999999999999,,,
1901-05-01,-0.23445186,0.12545301727333336,-0.15,0.11354166666666668,-0.692958,0.09061900833333347,-0.035,0.2423,,,
1901-06-01,-0.2560285,0.10387637727333338,-0.12,0.14354166666666668,-0.728849,0.05472800833333347,-0.138,0.13929999999999998,,,
1901-07-01,-0.34580567,0.014099207273333358,-0.14,0.12354166666666666,-0.703469,0.08010800833333342,-0.172,0.1053,,,
1901-08-01,-0.2113853,0.14851957727333337,-0.2,0.06354166666666666,-0.70438,0.07919700833333343,-0.179,0.0983,,,
1901-09-01,-0.3561651,0.0037397772733333556,-0.22,0.043541666666666666,-0.812819,-0.029241991666666522,-0.256,0.021299999999999986,,,
1901-10-01,-0.33561262,0.024292257273333395,-0.29,-0.026458333333333313,-0.866319,-0.08274199166666651,-0.281,-0.0037000000000000366,,,
1901-11-01,-0.37368178,-0.013776902726666651,-0.17,0.09354166666666666,-0.802862,-0.01928499166666653,-0.294,-0.016699999999999993,,,
1901-12-01,-0.46568483,-0.10577995272666663,-0.27,-0.006458333333333351,-0.698597,0.08498000833333341,-0.198,0.07929999999999998,,,
1902-01-01,-0.42511338,-0.06520850272666662,-0.16,0.10354166666666667,-0.811324,-0.02774699166666661,-0.239,0.0383,,,
1902-02-01,-0.22412084,0.13578403727333338,-0.09,0.17354166666666668,-0.710065,0.07351200833333349,-0.086,0.1913,,,
1902-03-01,-0.45577875,-0.09587387272666664,-0.27,-0.006458333333333351,-0.973585,-0.1900079916666666,-0.345,-0.06769999999999998,,,
1902-04-01,-0.44432157,-0.08441669272666663,-0.28,-0.01645833333333336,-0.868559,-0.08498199166666653,-0.311,-0.03370000000000001,,,
1902-05-01,-0.43461686,-0.07471198272666663,-0.32,-0.05645833333333334,-0.794984,-0.011406991666666588,-0.306,-0.028700000000000003,,,
1902-06-01,-0.4500647,-0.09015982272666662,-0.31,-0.04645833333333333,-0.731911,0.05166600833333346,-0.314,-0.03670000000000001,,,
1902-07-01,-0.4109188,-0.051013922726666605,-0.28,-0.01645833333333336,-0.726557,0.05702000833333343,-0.317,-0.03970000000000001,,,
1902-08-01,-0.4305061,-0.07060122272666663,-0.3,-0.03645833333333332,-0.782188,0.0013890083333334413,-0.371,-0.0937,,,
1902-09-01,-0.37308553,-0.01318065272666663,-0.29,-0.026458333333333313,-0.84338,-0.05980299166666658,-0.318,-0.040700000000000014,,,
1902-10-01,-0.49725753,-0.13735265272666664,-0.3,-0.03645833333333332,-0.873984,-0.09040699166666655,-0.454,-0.17670000000000002,,,
1902-11-01,-0.5539158,-0.1940109227266666,-0.37,-0.10645833333333332,-0.896756,-0.11317899166666656,-0.42,-0.1427,,,
1902-12-01,-0.5490247,-0.18911982272666666,-0.42,-0.1564583333333333,-0.931468,-0.14789099166666653,-0.409,-0.13169999999999998,,,
1903-01-01,-0.42252553,-0.06262065272666661,-0.25,0.013541666666666667,-0.815012,-0.03143499166666652,-0.206,0.0713,,,
1903-02-01,-0.23462331,0.12528156727333337,-0.06,0.20354166666666668,-0.883591,-0.10001399166666658,-0.229,0.04829999999999998,,,
1903-03-01,-0.40613472,-0.04622984272666664,-0.23,0.03354166666666666,-0.850405,-0.06682799166666653,-0.237,0.0403,,,
1903-04-01,-0.5899058,-0.23000092272666667,-0.41,-0.1464583333333333,-1.05616,-0.27258299166666655,-0.528,-0.25070000000000003,,,
1903-05-01,-0.51376563,-0.1538607527266666,-0.4,-0.13645833333333335,-0.86677,-0.0831929916666666,-0.4,-0.12270000000000003,,,
1903-06-01,-0.549487,-0.18958212272666658,-0.43,-0.16645833333333332,-0.873419,-0.08984199166666651,-0.361,-0.0837,,,
1903-07-01,-0.5111622,-0.15125732272666664,-0.35,-0.0864583333333333,-0.91029,-0.1267129916666666,-0.449,-0.17170000000000002,,,
1903-08-01,-0.610684,-0.25077912272666664,-0.45,-0.18645833333333334,-0.9777,-0.19412299166666658,-0.638,-0.3607,,,
1903-09-01,-0.57118165,-0.21127677272666662,-0.49,-0.22645833333333334,-1.004777,-0.2211999916666666,-0.481,-0.2037,,,
1903-10-01,-0.67383254,-0.31392766272666667,-0.46,-0.19645833333333335,-1.071136,-0.28755899166666665,-0.519,-0.24170000000000003,,,
1903-11-01,-0.63105804,-0.2711531627266666,-0.42,-0.1564583333333333,-0.935297,-0.1517199916666666,-0.541,-0.26370000000000005,,,
1903-12-01,-0.70818734,-0.3482824627266667,-0.51,-0.24645833333333336,-1.09858,-0.31500299166666645,-0.533,-0.25570000000000004,,,
1904-01-01,-0.79704237,-0.43713749272666663,-0.64,-0.3764583333333334,-1.211982,-0.42840499166666646,-0.659,-0.38170000000000004,,,
1904-02-01,-0.76683724,-0.4069323627266666,-0.59,-0.32645833333333335,-1.167813,-0.38423599166666655,-0.647,-0.36970000000000003,,,
1904-03-01,-0.6939121,-0.33400722272666666,-0.51,-0.24645833333333336,-0.978642,-0.19506499166666658,-0.489,-0.2117,,,
1904-04-01,-0.6450014,-0.2850965227266666,-0.51,-0.24645833333333336,-1.12096,-0.3373829916666665,-0.5,-0.2227,,,
1904-05-01,-0.6114328,-0.25152792272666663,-0.52,-0.2564583333333334,-1.040962,-0.2573849916666665,-0.508,-0.23070000000000002,,,
1904-06-01,-0.568754,-0.20884912272666661,-0.48,-0.21645833333333334,-0.981493,-0.1979159916666665,-0.451,-0.17370000000000002,,,
1904-07-01,-0.5590097,-0.19910482272666669,-0.51,-0.24645833333333336,-0.962896,-0.17931899166666654,-0.474,-0.19669999999999999,,,
1904-08-01,-0.4840859,-0.12418102272666665,-0.49,-0.22645833333333334,-0.967391,-0.18381399166666657,-0.453,-0.17570000000000002,,,
1904-09-01,-0.60041285,-0.24050797272666663,-0.56,-0.29645833333333343,-1.025197,-0.24161999166666648,-0.543,-0.26570000000000005,,,
1904-10-01,-0.5525205,-0.1926156227266666,-0.39,-0.12645833333333334,-0.950099,-0.1665219916666666,-0.438,-0.1607,,,
1904-11-01,-0.39203608,-0.03213120272666664,-0.18,0.08354166666666668,-0.813609,-0.03003199166666659,-0.282,-0.004699999999999982,,,
1904-12-01,-0.49375394,-0.13384906272666663,-0.34,-0.07645833333333335,-0.816415,-0.032837991666666566,-0.36,-0.0827,,,
1905-01-01,-0.4566211,-0.09671622272666663,-0.35,-0.0864583333333333,-0.895352,-0.1117749916666666,-0.428,-0.1507,,,
1905-02-01,-0.71549875,-0.3555938727266666,-0.59,-0.32645833333333335,-1.155744,-0.37216699166666667,-0.635,-0.3577,,,
1905-03-01,-0.5188837,-0.15897882272666658,-0.22,0.043541666666666666,-0.920452,-0.1368749916666666,-0.455,-0.17770000000000002,,,
1905-04-01,-0.55835843,-0.1984535527266666,-0.34,-0.07645833333333335,-0.954614,-0.17103699166666653,-0.498,-0.2207,,,
1905-05-01,-0.4342178,-0.07431292272666662,-0.3,-0.03645833333333332,-0.808562,-0.024984991666666567,-0.314,-0.03670000000000001,,,
1905-06-01,-0.34481785,0.015087027273333387,-0.28,-0.01645833333333336,-0.723824,0.05975300833333341,-0.246,0.031299999999999994,,,
1905-07-01,-0.37603787,-0.01613299272666663,-0.26,0.0035416666666666582,-0.721631,0.06194600833333341,-0.205,0.0723,,,
1905-08-01,-0.3058545,0.054050377273333394,-0.2,0.06354166666666666,-0.835871,-0.052293991666666595,-0.308,-0.030700000000000005,,,
1905-09-01,-0.34688962,0.013015257273333358,-0.19,0.07354166666666667,-0.900207,-0.11662999166666654,-0.347,-0.06969999999999998,,,
1905-10-01,-0.3343655,0.025539377273333386,-0.25,0.013541666666666667,-0.938308,-0.1547309916666666,-0.263,0.01429999999999998,,,
1905-11-01,-0.2153892,0.14451567727333336,-0.07,0.19354166666666667,-0.817452,-0.03387499166666652,-0.269,0.008299999999999974,,,
1905-12-01,-0.2643972,0.09550767727333337,-0.13,0.13354166666666667,-0.888034,-0.10445699166666655,-0.159,0.11829999999999999,,,
1906-01-01,-0.28453687,0.07536800727333337,-0.28,-0.01645833333333336,-0.965093,-0.18151599166666654,-0.242,0.0353,,,
1906-02-01,-0.3768958,-0.016990922726666635,-0.29,-0.026458333333333313,-0.873138,-0.08956099166666653,-0.262,0.01529999999999998,,,
1906-03-01,-0.28155494,0.07834993727333339,-0.19,0.07354166666666667,-0.867526,-0.08394899166666658,-0.135,0.14229999999999998,,,
1906-04-01,-0.10025885,0.25964602727333336,-0.05,0.21354166666666666,-0.672855,0.11072200833333345,-0.048,0.2293,,,
1906-05-01,-0.3723094,-0.012404522726666645,-0.26,0.0035416666666666582,-0.779724,0.003853008333333463,-0.338,-0.06070000000000003,,,
1906-06-01,-0.2292129,0.13069197727333337,-0.2,0.06354166666666666,-0.712958,0.07061900833333346,-0.151,0.1263,,,
1906-07-01,-0.34643295,0.01347192727333335,-0.23,0.03354166666666666,-0.680589,0.10298800833333344,-0.181,0.0963,,,
1906-08-01,-0.2723821,0.08752277727333335,-0.2,0.06354166666666666,-0.820453,-0.03687599166666655,-0.261,0.01629999999999998,,,
1906-09-01,-0.3523126,0.007592277273333392,-0.28,-0.01645833333333336,-0.819029,-0.03545199166666657,-0.316,-0.03870000000000001,,,
1906-10-01,-0.3202604,0.03964447727333337,-0.2,0.06354166666666666,-0.784508,-0.0009309916666665474,-0.195,0.08229999999999998,,,
1906-11-01,-0.53089225,-0.1709873727266666,-0.38,-0.11645833333333333,-0.868409,-0.08483199166666655,-0.34,-0.06270000000000003,,,
1906-12-01,-0.31739596,0.04250891727333339,-0.15,0.11354166666666668,-0.62676,0.15681700833333345,-0.228,0.04929999999999998,,,
1907-01-01,-0.516215,-0.1563101227266666,-0.43,-0.16645833333333332,-0.952113,-0.16853599166666655,-0.43,-0.1527,,,
1907-02-01,-0.6153823,-0.2554774227266667,-0.51,-0.24645833333333336,-1.131505,-0.34792799166666655,-0.505,-0.2277,,,
1907-03-01,-0.42705113,-0.06714625272666663,-0.27,-0.006458333333333351,-0.953962,-0.17038499166666654,-0.296,-0.018699999999999994,,,
1907-04-01,-0.47172624,-0.11182136272666665,-0.37,-0.10645833333333332,-1.050631,-0.26705399166666666,-0.407,-0.12969999999999998,,,
1907-05-01,-0.6374959,-0.27759102272666664,-0.46,-0.19645833333333335,-1.021919,-0.23834199166666659,-0.543,-0.26570000000000005,,,
1907-06-01,-0.53865796,-0.17875308272666662,-0.42,-0.1564583333333333,-0.960064,-0.1764869916666666,-0.446,-0.16870000000000002,,,
1907-07-01,-0.43119016,-0.07128528272666662,-0.35,-0.0864583333333333,-0.841249,-0.05767199166666659,-0.383,-0.10570000000000002,,,
1907-08-01,-0.49268502,-0.1327801427266666,-0.34,-0.07645833333333335,-0.885154,-0.10157699166666656,-0.44,-0.1627,,,
1907-09-01,-0.40008837,-0.04018349272666666,-0.34,-0.07645833333333335,-0.891036,-0.10745899166666661,-0.419,-0.1417,,,
1907-10-01,-0.33222163,0.027683247273333378,-0.23,0.03354166666666666,-0.839094,-0.05551699166666657,-0.237,0.0403,,,
1907-11-01,-0.54834944,-0.1884445627266666,-0.47,-0.2064583333333333,-0.986586,-0.20300899166666653,-0.473,-0.19569999999999999,,,
1907-12-01,-0.5827084,-0.22280352272666665,-0.47,-0.2064583333333333,-1.019973,-0.23639599166666658,-0.416,-0.1387,,,
1908-01-01,-0.4519169,-0.09201202272666664,-0.45,-0.18645833333333334,-1.084493,-0.3009159916666665,-0.468,-0.19070000000000004,,,
1908-02-01,-0.40590233,-0.04599745272666661,-0.32,-0.05645833333333334,-0.88494,-0.10136299166666651,-0.367,-0.0897,,,
1908-03-01,-0.69665587,-0.3367509927266666,-0.55,-0.2864583333333334,-1.155757,-0.3721799916666665,-0.611,-0.3337,,,
1908-04-01,-0.5814311,-0.2215262227266666,-0.44,-0.17645833333333333,-1.140949,-0.35737199166666656,-0.585,-0.3077,,,
1908-05-01,-0.43790126,-0.07799638272666665,-0.37,-0.10645833333333332,-0.941337,-0.15775999166666654,-0.428,-0.1507,,,
1908-06-01,-0.40913704,-0.04923216272666664,-0.38,-0.11645833333333333,-0.901626,-0.1180489916666666,-0.429,-0.1517,,,
1908-07-01,-0.3958542,-0.03594932272666662,-0.35,-0.0864583333333333,-0.860306,-0.07672899166666658,-0.323,-0.04570000000000002,,,
1908-08-01,-0.48095068,-0.12104580272666665,-0.46,-0.19645833333333335,-1.004843,-0.2212659916666665,-0.494,-0.2167,,,
1908-09-01,-0.38329068,-0.023385802726666627,-0.36,-0.09645833333333331,-0.96475,-0.18117299166666656,-0.386,-0.10870000000000002,,,
1908-10-01,-0.5676706,-0.20776572272666666,-0.44,-0.17645833333333333,-1.042451,-0.2588739916666666,-0.399,-0.12170000000000003,,,
1908-11-01,-0.6378442,-0.2779393227266666,-0.52,-0.2564583333333334,-1.026109,-0.2425319916666665,-0.545,-0.26770000000000005,,,
1908-12-01,-0.6300813,-0.2701764227266666,-0.5,-0.23645833333333335,-1.021201,-0.2376239916666666,-0.529,-0.25170000000000003,,,
1909-01-01,-0.75475407,-0.3948491927266667,-0.73,-0.46645833333333336,-1.221048,-0.4374709916666665,-0.687,-0.40970000000000006,,,
1909-02-01,-0.53297746,-0.17307258272666665,-0.46,-0.19645833333333335,-1.020642,-0.2370649916666666,-0.479,-0.2017,,,
1909-03-01,-0.6513177,-0.29141282272666663,-0.55,-0.2864583333333334,-1.130085,-0.34650799166666657,-0.564,-0.28669999999999995,,,
1909-04-01,-0.63047636,-0.2705714827266666,-0.59,-0.32645833333333335,-1.081069,-0.2974919916666666,-0.583,-0.30569999999999997,,,
1909-05-01,-0.5888554,-0.22895052272666666,-0.55,-0.2864583333333334,-0.97,-0.18642299166666654,-0.52,-0.24270000000000003,,,
1909-06-01,-0.5068625,-0.14695762272666663,-0.52,-0.2564583333333334,-0.977103,-0.19352599166666662,-0.462,-0.18470000000000003,,,
1909-07-01,-0.52792674,-0.16802186272666658,-0.46,-0.19645833333333335,-0.957391,-0.17381399166666656,-0.515,-0.23770000000000002,,,
1909-08-01,-0.32849208,0.03141279727333335,-0.34,-0.07645833333333335,-0.900528,-0.11695099166666656,-0.31,-0.03270000000000001,,,
1909-09-01,-0.4074357,-0.047530822726666644,-0.39,-0.12645833333333334,-0.929873,-0.14629599166666651,-0.387,-0.10970000000000002,,,
1909-10-01,-0.4895774,-0.12967252272666663,-0.4,-0.13645833333333335,-0.91383,-0.1302529916666666,-0.395,-0.11770000000000003,,,
1909-11-01,-0.38432604,-0.024421162726666612,-0.32,-0.05645833333333334,-0.86708,-0.08350299166666653,-0.356,-0.07869999999999999,,,
1909-12-01,-0.59183717,-0.23193229272666666,-0.56,-0.29645833333333343,-0.983571,-0.19999399166666654,-0.432,-0.1547,,,
1910-01-01,-0.4175011,-0.057596222726666646,-0.43,-0.16645833333333332,-0.918832,-0.13525499166666655,-0.373,-0.09570000000000001,,,
1910-02-01,-0.504873,-0.14496812272666665,-0.42,-0.1564583333333333,-1.019316,-0.23573899166666668,-0.44,-0.1627,,,
1910-03-01,-0.6017962,-0.24189132272666664,-0.51,-0.24645833333333336,-1.091977,-0.30839999166666654,-0.507,-0.22970000000000002,,,
1910-04-01,-0.5250092,-0.16510432272666659,-0.43,-0.16645833333333332,-1.017418,-0.2338409916666665,-0.539,-0.26170000000000004,,,
1910-05-01,-0.52313983,-0.1632349527266666,-0.35,-0.0864583333333333,-0.903973,-0.12039599166666659,-0.391,-0.11370000000000002,,,
1910-06-01,-0.55233157,-0.19242669272666663,-0.39,-0.12645833333333334,-0.886871,-0.10329399166666653,-0.472,-0.19469999999999998,,,
1910-07-01,-0.44205436,-0.08214948272666661,-0.35,-0.0864583333333333,-0.873148,-0.0895709916666666,-0.344,-0.06669999999999998,,,
1910-08-01,-0.39081913,-0.030914252726666647,-0.37,-0.10645833333333332,-0.848924,-0.06534699166666658,-0.423,-0.1457,,,
1910-09-01,-0.41755286,-0.05764798272666666,-0.39,-0.12645833333333334,-0.924496,-0.14091899166666655,-0.434,-0.1567,,,
1910-10-01,-0.477344,-0.11743912272666662,-0.41,-0.1464583333333333,-0.976358,-0.1927809916666665,-0.375,-0.09770000000000001,,,
1910-11-01,-0.6679573,-0.3080524227266666,-0.57,-0.30645833333333333,-0.952523,-0.16894599166666657,-0.553,-0.27570000000000006,,,
1910-12-01,-0.7446145,-0.3847096227266666,-0.68,-0.41645833333333343,-1.105255,-0.32167799166666666,-0.598,-0.3207,,,
1911-01-01,-0.6562781,-0.2963732227266666,-0.63,-0.3664583333333334,-1.133116,-0.3495389916666666,-0.543,-0.26570000000000005,,,
1911-02-01,-0.7064465,-0.3465416227266666,-0.58,-0.31645833333333334,-1.228014,-0.4444369916666665,-0.646,-0.3687,,,
1911-03-01,-0.7646965,-0.40479162272666663,-0.61,-0.34645833333333337,-1.254458,-0.47088099166666664,-0.591,-0.3137,,,
1911-04-01,-0.6419462,-0.28204132272666665,-0.54,-0.2764583333333334,-1.001401,-0.21782399166666655,-0.566,-0.28869999999999996,,,
1911-05-01,-0.64146996,-0.28156508272666664,-0.52,-0.2564583333333334,-1.018523,-0.23494599166666663,-0.498,-0.2207,,,
1911-06-01,-0.5602989,-0.20039402272666668,-0.51,-0.24645833333333336,-0.990041,-0.2064639916666665,-0.519,-0.24170000000000003,,,
1911-07-01,-0.49698126,-0.1370763827266666,-0.43,-0.16645833333333332,-0.937336,-0.1537589916666665,-0.508,-0.23070000000000002,,,
1911-08-01,-0.50997514,-0.15007026272666663,-0.44,-0.17645833333333333,-0.940278,-0.1567009916666665,-0.465,-0.18770000000000003,,,
1911-09-01,-0.5009675,-0.14106262272666664,-0.41,-0.1464583333333333,-0.919003,-0.13542599166666658,-0.455,-0.17770000000000002,,,
1911-10-01,-0.35211805,0.007786827273333352,-0.27,-0.006458333333333351,-0.81164,-0.028062991666666592,-0.249,0.028299999999999992,,,
1911-11-01,-0.34346193,0.01644294727333334,-0.22,0.043541666666666666,-0.792007,-0.00842999166666658,-0.249,0.028299999999999992,,,
1911-12-01,-0.30291378,0.056991097273333347,-0.22,0.043541666666666666,-0.779926,0.0036510083333334276,-0.14,0.13729999999999998,,,
1912-01-01,-0.32610142,0.03380345727333339,-0.27,-0.006458333333333351,-0.883817,-0.10023999166666653,-0.22,0.05729999999999999,,,
1912-02-01,-0.31227106,0.04763381727333338,-0.16,0.10354166666666667,-0.850168,-0.0665909916666666,-0.165,0.11229999999999998,,,
1912-03-01,-0.5567954,-0.19689052272666668,-0.39,-0.12645833333333334,-1.039623,-0.25604599166666653,-0.353,-0.07569999999999999,,,
1912-04-01,-0.33766785,0.022237027273333376,-0.19,0.07354166666666667,-0.821802,-0.0382249916666666,-0.269,0.008299999999999974,,,
1912-05-01,-0.33525148,0.024653397273333377,-0.22,0.043541666666666666,-0.794639,-0.011061991666666549,-0.287,-0.009699999999999986,,,
1912-06-01,-0.29028827,0.06961660727333335,-0.25,0.013541666666666667,-0.790503,-0.00692599166666652,-0.204,0.0733,,,
1912-07-01,-0.51029885,-0.1503939727266666,-0.43,-0.16645833333333332,-0.906946,-0.1233689916666666,-0.327,-0.04970000000000002,,,
1912-08-01,-0.58027655,-0.22037167272666663,-0.55,-0.2864583333333334,-1.022615,-0.23903799166666662,-0.524,-0.24670000000000003,,,
1912-09-01,-0.6464319,-0.2865270227266666,-0.57,-0.30645833333333333,-1.021078,-0.2375009916666665,-0.548,-0.27070000000000005,,,
1912-10-01,-0.6850322,-0.3251273227266666,-0.58,-0.31645833333333334,-1.144259,-0.3606819916666665,-0.518,-0.24070000000000003,,,
1912-11-01,-0.5564262,-0.19652132272666661,-0.4,-0.13645833333333335,-0.850918,-0.06734099166666652,-0.377,-0.09970000000000001,,,
1912-12-01,-0.5769099,-0.2170050227266666,-0.44,-0.17645833333333333,-0.880107,-0.09652999166666654,-0.416,-0.1387,,,
1913-01-01,-0.54632044,-0.18641556272666665,-0.41,-0.1464583333333333,-0.966461,-0.18288399166666658,-0.463,-0.18570000000000003,,,
1913-02-01,-0.53957146,-0.17966658272666663,-0.46,-0.19645833333333335,-0.963603,-0.18002599166666655,-0.492,-0.2147,,,
1913-03-01,-0.60106343,-0.2411585527266666,-0.43,-0.16645833333333332,-1.078361,-0.29478399166666647,-0.47,-0.19269999999999998,,,
1913-04-01,-0.5226398,-0.16273492272666662,-0.41,-0.1464583333333333,-0.990761,-0.20718399166666657,-0.344,-0.06669999999999998,,,
1913-05-01,-0.5475157,-0.18761082272666668,-0.44,-0.17645833333333333,-0.953366,-0.1697889916666666,-0.451,-0.17370000000000002,,,
1913-06-01,-0.54598063,-0.1860757527266666,-0.46,-0.19645833333333335,-0.906512,-0.12293499166666655,-0.409,-0.13169999999999998,,,
1913-07-01,-0.487307,-0.12740212272666662,-0.37,-0.10645833333333332,-0.840287,-0.05670999166666657,-0.396,-0.11870000000000003,,,
1913-08-01,-0.3996715,-0.039766622726666645,-0.33,-0.06645833333333334,-0.809482,-0.0259049916666666,-0.357,-0.0797,,,
1913-09-01,-0.41825762,-0.05835274272666663,-0.35,-0.0864583333333333,-0.910026,-0.12644899166666657,-0.441,-0.1637,,,
1913-10-01,-0.44224253,-0.08233765272666665,-0.33,-0.06645833333333334,-0.899781,-0.11620399166666662,-0.314,-0.03670000000000001,,,
1913-11-01,-0.36150652,-0.00160164272666663,-0.21,0.053541666666666675,-0.809894,-0.026316991666666567,-0.182,0.0953,,,
1913-12-01,-0.15013762,0.20976725727333337,-0.04,0.22354166666666667,-0.598383,0.18519400833333344,0.038,0.31529999999999997,,,
1914-01-01,-0.07075577,0.2891491072733334,0.03,0.29354166666666665,-0.669922,0.11365500833333342,-0.081,0.19629999999999997,,,
1914-02-01,-0.25545025,0.10445462727333338,-0.11,0.15354166666666666,-0.743786,0.03979100833333349,-0.229,0.04829999999999998,,,
1914-03-01,-0.39181992,-0.03191504272666662,-0.25,0.013541666666666667,-0.889764,-0.10618699166666656,-0.358,-0.0807,,,
1914-04-01,-0.4009329,-0.04102802272666661,-0.3,-0.03645833333333332,-0.797898,-0.01432099166666656,-0.341,-0.06370000000000003,,,
1914-05-01,-0.30851153,0.05139334727333339,-0.22,0.043541666666666666,-0.728063,0.05551400833333342,-0.32,-0.042700000000000016,,,
1914-06-01,-0.3108636,0.04904127727333335,-0.26,0.0035416666666666582,-0.729177,0.05440000833333347,-0.259,0.018299999999999983,,,
1914-07-01,-0.29794353,0.061961347273333356,-0.25,0.013541666666666667,-0.791528,-0.007950991666666574,-0.168,0.10929999999999998,,,
1914-08-01,-0.24536806,0.11453681727333337,-0.17,0.09354166666666666,-0.793278,-0.009700991666666603,-0.153,0.1243,,,
1914-09-01,-0.30247036,0.057434517273333374,-0.17,0.09354166666666666,-0.799771,-0.016193991666666574,-0.253,0.02429999999999999,,,
1914-10-01,-0.10999061,0.24991426727333338,-0.04,0.22354166666666667,-0.639951,0.1436260083333334,0.003,0.2803,,,
1914-11-01,-0.18151161,0.17839326727333338,-0.16,0.10354166666666667,-0.593162,0.19041500833333347,-0.118,0.1593,,,
1914-12-01,-0.23782916,0.12207571727333336,-0.05,0.21354166666666666,-0.613392,0.1701850083333334,-0.111,0.1663,,,
1915-01-01,-0.2835154,0.0763894772733334,-0.22,0.043541666666666666,-0.795084,-0.011506991666666577,-0.221,0.05629999999999999,,,
1915-02-01,-0.21343437,0.14647050727333336,-0.04,0.22354166666666667,-0.774587,0.00899000833333341,-0.169,0.10829999999999998,,,
1915-03-01,-0.19529667,0.16460820727333336,-0.11,0.15354166666666666,-0.689137,0.09444000833333344,-0.019,0.2583,,,
1915-04-01,-0.08560986,0.2742950172733334,0.06,0.32354166666666667,-0.552663,0.23091400833333342,-0.086,0.1913,,,
1915-05-01,-0.17682685,0.18307802727333336,-0.06,0.20354166666666668,-0.60592,0.17765700833333342,-0.048,0.2293,,,
1915-06-01,-0.17441633,0.18548854727333336,-0.23,0.03354166666666666,-0.668573,0.11500400833333346,-0.089,0.1883,,,
1915-07-01,-0.17673115,0.18317372727333336,-0.13,0.13354166666666667,-0.567247,0.2163300083333335,-0.118,0.1593,,,
1915-08-01,-0.064133756,0.2957711212733334,-0.23,0.03354166666666666,-0.626033,0.15754400833333349,-0.106,0.1713,,,
1915-09-01,-0.112291776,0.24761310127333336,-0.21,0.053541666666666675,-0.686882,0.09669500833333344,-0.221,0.05629999999999999,,,
1915-10-01,-0.28237036,0.07753451727333338,-0.24,0.023541666666666676,-0.784014,-0.000436991666666553,-0.143,0.1343,,,
1915-11-01,-0.16992375,0.18998112727333336,-0.14,0.12354166666666666,-0.637953,0.14562400833333344,-0.064,0.2133,,,
1915-12-01,-0.35247612,0.007428757273333364,-0.21,0.053541666666666675,-0.829897,-0.04631999166666656,-0.238,0.0393,,,
1916-01-01,-0.33612216,0.023782717273333365,-0.13,0.13354166666666667,-0.769039,0.014538008333333408,-0.202,0.07529999999999998,,,
1916-02-01,-0.26491648,0.09498839727333336,-0.15,0.11354166666666668,-0.860535,-0.07695799166666661,-0.116,0.1613,,,
1916-03-01,-0.43507338,-0.07516850272666664,-0.29,-0.026458333333333313,-0.922113,-0.13853599166666652,-0.328,-0.05070000000000002,,,
1916-04-01,-0.38061446,-0.02070958272666662,-0.31,-0.04645833333333333,-0.795515,-0.011937991666666536,-0.294,-0.016699999999999993,,,
1916-05-01,-0.42662773,-0.06672285272666661,-0.36,-0.09645833333333331,-0.79276,-0.009182991666666585,-0.306,-0.028700000000000003,,,
1916-06-01,-0.49785638,-0.13795150272666662,-0.5,-0.23645833333333335,-0.82444,-0.040862991666666515,-0.377,-0.09970000000000001,,,
1916-07-01,-0.38625917,-0.026354292726666617,-0.37,-0.10645833333333332,-0.872638,-0.08906099166666659,-0.286,-0.008699999999999986,,,
1916-08-01,-0.29655352,0.06335135727333335,-0.28,-0.01645833333333336,-0.819231,-0.03565399166666661,-0.296,-0.018699999999999994,,,
1916-09-01,-0.3252342,0.034670677273333395,-0.36,-0.09645833333333331,-0.865823,-0.08224599166666657,-0.394,-0.11670000000000003,,,
1916-10-01,-0.3723561,-0.012451222726666655,-0.33,-0.06645833333333334,-0.929149,-0.14557199166666657,-0.461,-0.18370000000000003,,,
1916-11-01,-0.5093867,-0.1494818227266666,-0.47,-0.2064583333333333,-1.107512,-0.3239349916666666,-0.532,-0.25470000000000004,,,
1916-12-01,-0.8116807,-0.45177582272666666,-0.82,-0.5564583333333333,-1.239793,-0.4562159916666665,-0.66,-0.38270000000000004,,,
1917-01-01,-0.6917105,-0.33180562272666664,-0.57,-0.30645833333333333,-1.109121,-0.3255439916666666,-0.617,-0.3397,,,
1917-02-01,-0.7163067,-0.3564018227266666,-0.63,-0.3664583333333334,-1.235565,-0.4519879916666666,-0.683,-0.40570000000000006,,,
1917-03-01,-0.78046644,-0.4205615627266666,-0.63,-0.3664583333333334,-1.338738,-0.5551609916666665,-0.806,-0.5287000000000001,,,
1917-04-01,-0.5435676,-0.18366272272666667,-0.55,-0.2864583333333334,-1.048011,-0.2644339916666666,-0.497,-0.2197,,,
1917-05-01,-0.64062136,-0.28071648272666666,-0.55,-0.2864583333333334,-1.102394,-0.31881699166666666,-0.581,-0.30369999999999997,,,
1917-06-01,-0.4783983,-0.11849342272666663,-0.44,-0.17645833333333333,-0.940656,-0.1570789916666666,-0.418,-0.1407,,,
1917-07-01,-0.2574917,0.10241317727333338,-0.26,0.0035416666666666582,-0.713466,0.07011100833333339,-0.218,0.05929999999999999,,,
1917-08-01,-0.33890095,0.02100392727333339,-0.23,0.03354166666666666,-0.840384,-0.056806991666666584,-0.257,0.020299999999999985,,,
1917-09-01,-0.30343127,0.05647360727333339,-0.23,0.03354166666666666,-0.820576,-0.036998991666666536,-0.224,0.053299999999999986,,,
1917-10-01,-0.53336895,-0.17346407272666658,-0.44,-0.17645833333333333,-1.039057,-0.25547999166666646,-0.4,-0.12270000000000003,,,
1917-11-01,-0.45498002,-0.09507514272666662,-0.34,-0.07645833333333335,-1.002274,-0.21869699166666667,-0.471,-0.19369999999999998,,,
1917-12-01,-0.7874779,-0.4275730227266666,-0.68,-0.41645833333333343,-1.197196,-0.4136189916666665,-0.718,-0.4407,,,
1918-01-01,-0.5187787,-0.15887382272666667,-0.48,-0.21645833333333334,-1.115918,-0.33234099166666653,-0.501,-0.2237,,,
1918-02-01,-0.6765551,-0.3166502227266666,-0.35,-0.0864583333333333,-1.143006,-0.35942899166666653,-0.601,-0.3237,,,
1918-03-01,-0.58216375,-0.2222588727266666,-0.26,0.0035416666666666582,-1.015,-0.23142299166666647,-0.491,-0.2137,,,
1918-04-01,-0.6266912,-0.26678632272666664,-0.44,-0.17645833333333333,-1.108674,-0.3250969916666665,-0.469,-0.19169999999999998,,,
1918-05-01,-0.5272658,-0.16736092272666664,-0.43,-0.16645833333333332,-0.991406,-0.20782899166666657,-0.464,-0.18670000000000003,,,
1918-06-01,-0.38915306,-0.029248182726666627,-0.36,-0.09645833333333331,-0.987491,-0.20391399166666657,-0.383,-0.10570000000000002,,,
1918-07-01,-0.3706182,-0.010713322726666641,-0.32,-0.05645833333333334,-0.815761,-0.03218399166666652,-0.288,-0.010699999999999987,,,
1918-08-01,-0.4441473,-0.08424242272666665,-0.32,-0.05645833333333334,-0.931761,-0.14818399166666651,-0.403,-0.12570000000000003,,,
1918-09-01,-0.27426752,0.08563735727333338,-0.17,0.09354166666666666,-0.780994,0.0025830083333334697,-0.234,0.04329999999999998,,,
1918-10-01,-0.11720026,0.24270461727333337,-0.06,0.20354166666666668,-0.737285,0.04629200833333347,-0.059,0.2183,,,
1918-11-01,-0.16862817,0.19127670727333337,-0.12,0.14354166666666668,-0.799142,-0.015564991666666583,-0.097,0.1803,,,
1918-12-01,-0.4169153,-0.05701042272666662,-0.3,-0.03645833333333332,-0.838962,-0.05538499166666655,-0.242,0.0353,,,
1919-01-01,-0.24290186,0.11700301727333337,-0.2,0.06354166666666666,-0.702443,0.0811340083333334,-0.229,0.04829999999999998,,,
1919-02-01,-0.23586705,0.12403782727333337,-0.23,0.03354166666666666,-0.887235,-0.10365799166666656,-0.18,0.0973,,,
1919-03-01,-0.39355487,-0.03364999272666663,-0.21,0.053541666666666675,-0.960909,-0.17733199166666658,-0.367,-0.0897,,,
1919-04-01,-0.20925753,0.15064734727333337,-0.13,0.13354166666666667,-0.639778,0.14379900833333348,-0.17,0.10729999999999998,,,
1919-05-01,-0.31249607,0.04740880727333335,-0.28,-0.01645833333333336,-0.759516,0.024061008333333467,-0.26,0.017299999999999982,,,
1919-06-01,-0.36950374,-0.009598862726666657,-0.36,-0.09645833333333331,-0.80445,-0.020872991666666563,-0.303,-0.0257,,,
1919-07-01,-0.32062152,0.039283357273333375,-0.29,-0.026458333333333313,-0.803591,-0.02001399166666662,-0.329,-0.051700000000000024,,,
1919-08-01,-0.2578348,0.10207007727333339,-0.33,-0.06645833333333334,-0.850565,-0.06698799166666658,-0.339,-0.06170000000000003,,,
1919-09-01,-0.29425618,0.06564869727333339,-0.25,0.013541666666666667,-0.737247,0.04633000833333345,-0.326,-0.04870000000000002,,,
1919-10-01,-0.27244198,0.0874628972733334,-0.2,0.06354166666666666,-0.863302,-0.07972499166666658,-0.28,-0.0027000000000000357,,,
1919-11-01,-0.5609775,-0.20107262272666665,-0.42,-0.1564583333333333,-0.878234,-0.09465699166666652,-0.375,-0.09770000000000001,,,
1919-12-01,-0.5190008,-0.15909592272666667,-0.43,-0.16645833333333332,-0.855474,-0.07189699166666652,-0.371,-0.0937,,,
1920-01-01,-0.27549672,0.0844081572733334,-0.25,0.013541666666666667,-0.654701,0.12887600833333346,-0.199,0.07829999999999998,,,
1920-02-01,-0.5446297,-0.18472482272666663,-0.27,-0.006458333333333351,-0.858798,-0.07522099166666651,-0.299,-0.021699999999999997,,,
1920-03-01,-0.16858278,0.19132209727333338,-0.12,0.14354166666666668,-0.72361,0.05996700833333346,-0.163,0.11429999999999998,,,
1920-04-01,-0.34182736,0.018077517273333343,-0.24,0.023541666666666676,-0.888889,-0.1053119916666666,-0.253,0.02429999999999999,,,
1920-05-01,-0.25982708,0.10007779727333338,-0.27,-0.006458333333333351,-0.697843,0.08573400833333344,-0.222,0.05529999999999999,,,
1920-06-01,-0.2526152,0.10728967727333338,-0.36,-0.09645833333333331,-0.745015,0.03856200833333345,-0.185,0.0923,,,
1920-07-01,-0.3183703,0.04153457727333337,-0.3,-0.03645833333333332,-0.797142,-0.013564991666666582,-0.283,-0.005699999999999983,,,
1920-08-01,-0.23367624,0.12622863727333336,-0.26,0.0035416666666666582,-0.799798,-0.016220991666666573,-0.207,0.0703,,,
1920-09-01,-0.20521392,0.15469095727333337,-0.22,0.043541666666666666,-0.768427,0.015150008333333465,-0.139,0.13829999999999998,,,
1920-10-01,-0.22215475,0.13775012727333336,-0.26,0.0035416666666666582,-0.773458,0.010119008333333457,-0.168,0.10929999999999998,,,
1920-11-01,-0.3386833,0.021221577273333347,-0.27,-0.006458333333333351,-0.850968,-0.06739099166666651,-0.183,0.0943,,,
1920-12-01,-0.4916411,-0.13173622272666663,-0.47,-0.2064583333333333,-0.981382,-0.19780499166666654,-0.361,-0.0837,,,
1921-01-01,-0.23009698,0.12980789727333336,-0.05,0.21354166666666666,-0.706735,0.07684200833333343,-0.198,0.07929999999999998,,,
1921-02-01,-0.29526424,0.06464063727333336,-0.18,0.08354166666666668,-0.891795,-0.10821799166666657,-0.194,0.08329999999999999,,,
1921-03-01,-0.34817618,0.011728697273333366,-0.23,0.03354166666666666,-0.906239,-0.12266199166666658,-0.321,-0.04370000000000002,,,
1921-04-01,-0.29409987,0.06580500727333338,-0.3,-0.03645833333333332,-0.853435,-0.06985799166666662,-0.269,0.008299999999999974,,,
1921-05-01,-0.30036768,0.05953719727333334,-0.3,-0.03645833333333332,-0.756845,0.026732008333333446,-0.301,-0.0237,,,
1921-06-01,-0.15941109,0.20049378727333336,-0.27,-0.006458333333333351,-0.717598,0.06597900833333348,-0.204,0.0733,,,
1921-07-01,-0.15206353,0.20784134727333337,-0.15,0.11354166666666668,-0.678349,0.10522800833333346,-0.079,0.19829999999999998,,,
1921-08-01,-0.3168488,0.04305607727333338,-0.26,0.0035416666666666582,-0.783603,-2.599166666661379e-5,-0.162,0.11529999999999999,,,
1921-09-01,-0.1970843,0.16282057727333338,-0.19,0.07354166666666667,-0.78481,-0.001232991666666572,-0.184,0.0933,,,
1921-10-01,-0.12933318,0.23057169727333338,-0.03,0.23354166666666668,-0.713401,0.07017600833333348,-0.058,0.2193,,,
1921-11-01,-0.1936054,0.16629947727333336,-0.15,0.11354166666666668,-0.704299,0.07927800833333343,-0.123,0.1543,,,
1921-12-01,-0.28037155,0.07953332727333334,-0.18,0.08354166666666668,-0.702298,0.08127900833333346,-0.116,0.1613,,,
1922-01-01,-0.41835487,-0.05844999272666662,-0.34,-0.07645833333333335,-0.860578,-0.07700099166666652,-0.29,-0.012699999999999989,,,
1922-02-01,-0.4056852,-0.045780322726666656,-0.45,-0.18645833333333334,-1.02924,-0.2456629916666665,-0.323,-0.04570000000000002,,,
1922-03-01,-0.33042884,0.029476037273333366,-0.15,0.11354166666666668,-0.827918,-0.04434099166666661,-0.21,0.0673,,,
1922-04-01,-0.29484954,0.06505533727333335,-0.23,0.03354166666666666,-0.781135,0.002442008333333412,-0.145,0.1323,,,
1922-05-01,-0.4677514,-0.10784652272666662,-0.33,-0.06645833333333334,-0.894862,-0.11128499166666661,-0.333,-0.05570000000000003,,,
1922-06-01,-0.29670164,0.06320323727333338,-0.31,-0.04645833333333333,-0.862377,-0.07879999166666651,-0.324,-0.04670000000000002,,,
1922-07-01,-0.2639083,0.09599657727333338,-0.27,-0.006458333333333351,-0.829805,-0.04622799166666658,-0.185,0.0923,,,
1922-08-01,-0.35398406,0.005920817273333379,-0.33,-0.06645833333333334,-0.910108,-0.1265309916666666,-0.317,-0.03970000000000001,,,
1922-09-01,-0.31672782,0.043177057273333375,-0.35,-0.0864583333333333,-0.857352,-0.07377499166666657,-0.314,-0.03670000000000001,,,
1922-10-01,-0.34727657,0.012628307273333361,-0.31,-0.04645833333333333,-0.868472,-0.08489499166666659,-0.272,0.005299999999999971,,,
1922-11-01,-0.2543594,0.10554547727333335,-0.14,0.12354166666666666,-0.666419,0.11715800833333345,-0.224,0.053299999999999986,,,
1922-12-01,-0.3075381,0.05236677727333339,-0.2,0.06354166666666666,-0.692146,0.0914310083333334,-0.26,0.017299999999999982,,,
1923-01-01,-0.40358266,-0.043677782726666614,-0.27,-0.006458333333333351,-0.856998,-0.0734209916666666,-0.26,0.017299999999999982,,,
1923-02-01,-0.48835424,-0.12844936272666663,-0.39,-0.12645833333333334,-0.92915,-0.1455729916666666,-0.374,-0.09670000000000001,,,
1923-03-01,-0.45963058,-0.09972570272666664,-0.34,-0.07645833333333335,-1.036304,-0.25272699166666646,-0.391,-0.11370000000000002,,,
1923-04-01,-0.40758264,-0.04767776272666663,-0.41,-0.1464583333333333,-0.90774,-0.12416299166666656,-0.336,-0.05870000000000003,,,
1923-05-01,-0.40082577,-0.04092089272666666,-0.33,-0.06645833333333334,-0.848444,-0.06486699166666654,-0.264,0.013299999999999979,,,
1923-06-01,-0.25995073,0.09995414727333335,-0.29,-0.026458333333333313,-0.749968,0.03360900833333347,-0.164,0.11329999999999998,,,
1923-07-01,-0.41432616,-0.05442128272666663,-0.31,-0.04645833333333333,-0.893031,-0.10945399166666658,-0.268,0.009299999999999975,,,
1923-08-01,-0.32122013,0.038684747273333375,-0.33,-0.06645833333333334,-0.921581,-0.13800399166666655,-0.272,0.005299999999999971,,,
1923-09-01,-0.33364418,0.026260697273333355,-0.31,-0.04645833333333333,-0.878457,-0.09487999166666661,-0.298,-0.020699999999999996,,,
1923-10-01,-0.16849536,0.19140951727333336,-0.13,0.13354166666666667,-0.775234,0.008343008333333457,-0.064,0.2133,,,
1923-11-01,-0.025101868,0.3348030092733334,-0.02,0.24354166666666668,-0.602489,0.18108800833333338,0.03,0.3073,,,
1923-12-01,-0.09191486,0.2679900172733334,-0.03,0.23354166666666668,-0.614009,0.1695680083333334,0.061,0.3383,,,
1924-01-01,-0.32809886,0.031806017273333376,-0.22,0.043541666666666666,-0.812341,-0.028763991666666544,-0.248,0.029299999999999993,,,
1924-02-01,-0.30968896,0.050215917273333355,-0.23,0.03354166666666666,-0.83333,-0.04975299166666658,-0.149,0.1283,,,
1924-03-01,-0.17746355,0.18244132727333337,-0.08,0.1835416666666667,-0.76408,0.019497008333333454,-0.055,0.2223,,,
1924-04-01,-0.33799425,0.021910627273333372,-0.3,-0.03645833333333332,-0.818867,-0.035289991666666576,-0.289,-0.011699999999999988,,,
1924-05-01,-0.2117845,0.14812037727333338,-0.18,0.08354166666666668,-0.743715,0.03986200833333342,-0.16,0.11729999999999999,,,
1924-06-01,-0.26971695,0.09018792727333336,-0.26,0.0035416666666666582,-0.77661,0.006967008333333413,-0.166,0.11129999999999998,,,
1924-07-01,-0.2962571,0.06364777727333337,-0.29,-0.026458333333333313,-0.86199,-0.0784129916666666,-0.241,0.0363,,,
1924-08-01,-0.31361791,0.04628696727333337,-0.36,-0.09645833333333331,-0.869299,-0.08572199166666661,-0.356,-0.07869999999999999,,,
1924-09-01,-0.32549635,0.03440852727333338,-0.32,-0.05645833333333334,-0.869062,-0.08548499166666657,-0.286,-0.008699999999999986,,,
1924-10-01,-0.35907298,0.0008318972733333818,-0.35,-0.0864583333333333,-0.861301,-0.07772399166666655,-0.252,0.02529999999999999,,,
1924-11-01,-0.28282258,0.07708229727333338,-0.2,0.06354166666666666,-0.809509,-0.0259319916666666,-0.2,0.07729999999999998,,,
1924-12-01,-0.4900155,-0.13011062272666662,-0.43,-0.16645833333333332,-0.894897,-0.11131999166666662,-0.362,-0.0847,,,
1925-01-01,-0.48447105,-0.12456617272666665,-0.38,-0.11645833333333333,-1.035203,-0.25162599166666666,-0.411,-0.13369999999999999,,,
1925-02-01,-0.47421008,-0.11430520272666661,-0.39,-0.12645833333333334,-0.950796,-0.16721899166666654,-0.436,-0.1587,,,
1925-03-01,-0.3740107,-0.014105822726666606,-0.27,-0.006458333333333351,-0.905834,-0.12225699166666659,-0.285,-0.007699999999999985,,,
1925-04-01,-0.3007729,0.05913197727333336,-0.26,0.0035416666666666582,-0.787329,-0.00375199166666651,-0.241,0.0363,,,
1925-05-01,-0.3074031,0.05250177727333338,-0.29,-0.026458333333333313,-0.796516,-0.012938991666666566,-0.184,0.0933,,,
1925-06-01,-0.34013987,0.019765007273333357,-0.33,-0.06645833333333334,-0.808195,-0.02461799166666656,-0.246,0.031299999999999994,,,
1925-07-01,-0.33730775,0.02259712727333335,-0.27,-0.006458333333333351,-0.771385,0.012192008333333448,-0.235,0.042300000000000004,,,
1925-08-01,-0.16610648,0.19379839727333337,-0.21,0.053541666666666675,-0.778673,0.004904008333333487,-0.177,0.1003,,,
1925-09-01,-0.2542815,0.10562337727333337,-0.2,0.06354166666666666,-0.814122,-0.030544991666666577,-0.188,0.08929999999999999,,,
1925-10-01,-0.28279346,0.07711141727333337,-0.17,0.09354166666666666,-0.732055,0.051522008333333424,-0.071,0.20629999999999998,,,
1925-11-01,-0.05227776,0.30762711727333336,0.05,0.31354166666666666,-0.639789,0.14378800833333338,-0.022,0.25529999999999997,,,
1925-12-01,0.018593444,0.3784983212733334,0.06,0.32354166666666667,-0.561788,0.22178900833333348,0.071,0.3483,,,
1926-01-01,0.08175703,0.4416619072733334,0.21,0.47354166666666664,-0.462637,0.3209400083333334,0.153,0.4303,,,
1926-02-01,-0.03679195,0.32311292727333335,0.02,0.28354166666666664,-0.64869,0.13488700833333345,-0.028,0.2493,,,
1926-03-01,0.021171652,0.38107652927333335,0.11,0.37354166666666666,-0.544898,0.23867900833333344,0.041,0.31829999999999997,,,
1926-04-01,-0.16004369,0.19986118727333338,-0.13,0.13354166666666667,-0.646662,0.13691500833333348,-0.108,0.1693,,,
1926-05-01,-0.266606,0.09329887727333336,-0.23,0.03354166666666666,-0.79939,-0.01581299166666661,-0.193,0.08429999999999999,,,
1926-06-01,-0.18072431,0.17918056727333337,-0.26,0.0035416666666666582,-0.710456,0.07312100833333346,-0.138,0.13929999999999998,,,
1926-07-01,-0.20916334,0.15074153727333336,-0.27,-0.006458333333333351,-0.808273,-0.024695991666666584,-0.232,0.04529999999999998,,,
1926-08-01,-0.10150231,0.2584025672733334,-0.13,0.13354166666666667,-0.730052,0.0535250083333334,-0.155,0.12229999999999999,,,
1926-09-01,-0.11794428,0.24196059727333336,-0.14,0.12354166666666666,-0.724177,0.059400008333333476,-0.094,0.1833,,,
1926-10-01,-0.06908985,0.29081502727333336,-0.11,0.15354166666666666,-0.58771,0.19586700833333348,0.039,0.31629999999999997,,,
1926-11-01,-0.10976566,0.2501392172733334,-0.07,0.19354166666666667,-0.702481,0.08109600833333341,-0.039,0.23829999999999998,,,
1926-12-01,-0.31683823,0.04306664727333337,-0.3,-0.03645833333333332,-0.838612,-0.05503499166666659,-0.199,0.07829999999999998,,,
1927-01-01,-0.30985636,0.05004851727333337,-0.27,-0.006458333333333351,-0.862278,-0.07870099166666655,-0.24,0.0373,,,
1927-02-01,-0.2064402,0.15346467727333338,-0.18,0.08354166666666668,-0.77167,0.011907008333333469,-0.123,0.1543,,,
1927-03-01,-0.40839356,-0.04848868272666662,-0.39,-0.12645833333333334,-1.035191,-0.25161399166666654,-0.302,-0.0247,,,
1927-04-01,-0.3155458,0.04435907727333338,-0.3,-0.03645833333333332,-0.917014,-0.13343699166666656,-0.283,-0.005699999999999983,,,
1927-05-01,-0.23147134,0.12843353727333337,-0.26,0.0035416666666666582,-0.788809,-0.005231991666666547,-0.162,0.11529999999999999,,,
1927-06-01,-0.24982631,0.11007856727333337,-0.28,-0.01645833333333336,-0.743735,0.0398420083333334,-0.21,0.0673,,,
1927-07-01,-0.21086046,0.14904441727333337,-0.19,0.07354166666666667,-0.734036,0.049541008333333414,-0.08,0.19729999999999998,,,
1927-08-01,-0.20705144,0.15285343727333336,-0.24,0.023541666666666676,-0.635976,0.14760100833333345,-0.087,0.1903,,,
1927-09-01,-0.108941056,0.2509638212733334,-0.12,0.14354166666666668,-0.69926,0.08431700833333344,-0.12,0.1573,,,
1927-10-01,-0.021410033,0.3384948442733334,-0.01,0.25354166666666667,-0.591593,0.1919840083333334,0.134,0.4113,,,
1927-11-01,-0.12043209,0.23947278727333338,-0.05,0.21354166666666666,-0.65169,0.13188700833333344,-0.015,0.2623,,,
1927-12-01,-0.31979832,0.04010655727333334,-0.33,-0.06645833333333334,-0.913488,-0.12991099166666653,-0.271,0.006299999999999972,,,
1928-01-01,-0.024776636,0.33512824127333335,-0.02,0.24354166666666668,-0.690254,0.0933230083333334,0.013,0.2903,,,
1928-02-01,-0.12267449,0.23723038727333337,-0.09,0.17354166666666668,-0.754325,0.029252008333333412,-0.1,0.17729999999999999,,,
1928-03-01,-0.31813625,0.04176862727333336,-0.25,0.013541666666666667,-0.881039,-0.09746199166666658,-0.239,0.0383,,,
1928-04-01,-0.23598641,0.12391846727333336,-0.28,-0.01645833333333336,-0.855362,-0.07178499166666652,-0.184,0.0933,,,
1928-05-01,-0.30218256,0.05772231727333338,-0.3,-0.03645833333333332,-0.788414,-0.0048369916666665125,-0.21,0.0673,,,
1928-06-01,-0.33235246,0.02755241727333335,-0.39,-0.12645833333333334,-0.765074,0.018503008333333404,-0.245,0.032299999999999995,,,
1928-07-01,-0.19037025,0.16953462727333338,-0.2,0.06354166666666666,-0.756663,0.02691400833333346,-0.172,0.1053,,,
1928-08-01,-0.17739731,0.18250756727333337,-0.22,0.043541666666666666,-0.812596,-0.02901899166666655,-0.187,0.09029999999999999,,,
1928-09-01,-0.20670149,0.15320338727333338,-0.21,0.053541666666666675,-0.712778,0.07079900833333341,-0.152,0.1253,,,
1928-10-01,-0.18655096,0.17335391727333338,-0.19,0.07354166666666667,-0.76571,0.017867008333333434,-0.106,0.1713,,,
1928-11-01,-0.17232367,0.18758120727333336,-0.1,0.16354166666666667,-0.68148,0.10209700833333346,-0.157,0.12029999999999999,,,
1928-12-01,-0.23151593,0.12838894727333336,-0.16,0.10354166666666667,-0.711648,0.07192900833333349,-0.097,0.1803,,,
1929-01-01,-0.4340553,-0.07415042272666661,-0.45,-0.18645833333333334,-0.968942,-0.18536499166666653,-0.321,-0.04370000000000002,,,
1929-02-01,-0.60112005,-0.24121517272666665,-0.58,-0.31645833333333334,-1.077707,-0.29412999166666653,-0.452,-0.17470000000000002,,,
1929-03-01,-0.4850867,-0.12518182272666661,-0.33,-0.06645833333333334,-0.93948,-0.15590299166666655,-0.389,-0.11170000000000002,,,
1929-04-01,-0.44075286,-0.08084798272666666,-0.42,-0.1564583333333333,-0.993764,-0.21018699166666654,-0.412,-0.1347,,,
1929-05-01,-0.43484563,-0.07494075272666662,-0.38,-0.11645833333333333,-0.918641,-0.1350639916666666,-0.384,-0.10670000000000002,,,
1929-06-01,-0.40392876,-0.04402388272666663,-0.43,-0.16645833333333332,-0.94904,-0.16546299166666656,-0.235,0.042300000000000004,,,
1929-07-01,-0.4356043,-0.07569942272666663,-0.37,-0.10645833333333332,-0.966,-0.18242299166666653,-0.36,-0.0827,,,
1929-08-01,-0.2620627,0.09784217727333339,-0.33,-0.06645833333333334,-0.762655,0.020922008333333464,-0.187,0.09029999999999999,,,
1929-09-01,-0.2734211,0.0864837772733334,-0.25,0.013541666666666667,-0.805871,-0.02229399166666657,-0.27,0.007299999999999973,,,
1929-10-01,-0.21415122,0.14575365727333336,-0.15,0.11354166666666668,-0.763023,0.02055400833333343,-0.13,0.1473,,,
1929-11-01,-0.13710696,0.22279791727333337,-0.12,0.14354166666666668,-0.745431,0.03814600833333348,-0.08,0.19729999999999998,,,
1929-12-01,-0.56161815,-0.20171327272666667,-0.55,-0.2864583333333334,-1.048888,-0.2653109916666666,-0.417,-0.1397,,,
1930-01-01,-0.3582055,0.0016993772733333579,-0.31,-0.04645833333333333,-0.863789,-0.0802119916666666,-0.243,0.0343,,,
1930-02-01,-0.33801308,0.021891797273333347,-0.27,-0.006458333333333351,-0.856329,-0.07275199166666657,-0.26,0.017299999999999982,,,
1930-03-01,-0.24422893,0.11567594727333336,-0.11,0.15354166666666666,-0.814639,-0.031061991666666566,-0.125,0.1523,,,
1930-04-01,-0.22422738,0.13567749727333336,-0.25,0.013541666666666667,-0.760413,0.02316400833333343,-0.19,0.08729999999999999,,,
1930-05-01,-0.24692333,0.11298154727333337,-0.24,0.023541666666666676,-0.74446,0.039117008333333425,-0.114,0.1633,,,
1930-06-01,-0.19681416,0.16309071727333338,-0.22,0.043541666666666666,-0.722154,0.06142300833333347,-0.034,0.2433,,,
1930-07-01,-0.17981905,0.18008582727333336,-0.21,0.053541666666666675,-0.629084,0.15449300833333346,-0.055,0.2223,,,
1930-08-01,-0.09020169,0.26970318727333337,-0.15,0.11354166666666668,-0.728928,0.054649008333333415,-0.024,0.25329999999999997,,,
1930-09-01,-0.092769794,0.26713508327333335,-0.15,0.11354166666666668,-0.731697,0.051880008333333394,-0.101,0.17629999999999998,,,
1930-10-01,-0.081125215,0.2787796622733334,-0.12,0.14354166666666668,-0.689766,0.09381100833333345,0.023,0.3003,,,
1930-11-01,0.06904957,0.4289544472733334,0.17,0.43354166666666666,-0.432547,0.3510300083333334,0.179,0.4563,,,
1930-12-01,-0.05531298,0.30459189727333336,-0.06,0.20354166666666668,-0.606149,0.1774280083333334,0.024,0.3013,,,
1931-01-01,-0.12728073,0.23262414727333336,-0.11,0.15354166666666666,-0.634392,0.14918500833333348,-0.045,0.2323,,,
1931-02-01,-0.25378972,0.10611515727333337,-0.2,0.06354166666666666,-0.80112,-0.01754299166666662,-0.201,0.07629999999999998,,,
1931-03-01,-0.11402873,0.24587614727333337,-0.1,0.16354166666666667,-0.754035,0.029542008333333425,-0.125,0.1523,,,
1931-04-01,-0.18130071,0.17860416727333336,-0.23,0.03354166666666666,-0.778756,0.004821008333333432,-0.176,0.1013,,,
1931-05-01,-0.20138004,0.15852483727333336,-0.19,0.07354166666666667,-0.73059,0.052987008333333474,-0.176,0.1013,,,
1931-06-01,-0.023266362,0.3366385152733334,-0.08,0.1835416666666667,-0.60569,0.17788700833333349,-0.02,0.2573,,,
1931-07-01,-0.010316032,0.3495888452733334,-0.03,0.23354166666666668,-0.591232,0.19234500833333346,0.03,0.3073,,,
1931-08-01,-0.03563309,0.3242717872733334,-0.04,0.22354166666666667,-0.583191,0.20038600833333342,-0.022,0.25529999999999997,,,
1931-09-01,-0.05012884,0.30977603727333336,-0.06,0.20354166666666668,-0.589035,0.19454200833333346,0.002,0.2793,,,
1931-10-01,-0.022466533,0.33743834427333336,0.06,0.32354166666666667,-0.594012,0.18956500833333345,0.114,0.3913,,,
1931-11-01,-0.14927475,0.21063012727333336,-0.06,0.20354166666666668,-0.623893,0.1596840083333334,-0.006,0.2713,,,
1931-12-01,-0.100958765,0.25894611227333336,-0.05,0.21354166666666666,-0.616678,0.1668990083333335,-0.023,0.25429999999999997,,,
1932-01-01,0.070236534,0.4301414112733334,0.15,0.41354166666666664,-0.493747,0.28983000833333344,0.105,0.3823,,,
1932-02-01,-0.18819495,0.17170992727333337,-0.17,0.09354166666666666,-0.847014,-0.06343699166666661,-0.242,0.0353,,,
1932-03-01,-0.20114462,0.15876025727333337,-0.18,0.08354166666666668,-0.762315,0.02126200833333347,-0.156,0.12129999999999999,,,
1932-04-01,-0.07686023,0.28304464727333334,-0.06,0.20354166666666668,-0.672359,0.1112180083333334,-0.022,0.25529999999999997,,,
1932-05-01,-0.16717155,0.19273332727333337,-0.18,0.08354166666666668,-0.70737,0.07620700833333338,-0.099,0.1783,,,
1932-06-01,-0.25636408,0.10354079727333337,-0.29,-0.026458333333333313,-0.704063,0.07951400833333344,-0.146,0.1313,,,
1932-07-01,-0.13365234,0.22625253727333336,-0.24,0.023541666666666676,-0.722812,0.060765008333333426,-0.086,0.1913,,,
1932-08-01,-0.18760896,0.17229591727333338,-0.22,0.043541666666666666,-0.847541,-0.06396399166666655,-0.147,0.1303,,,
1932-09-01,-0.0026432085,0.3572616687733334,-0.1,0.16354166666666667,-0.607226,0.1763510083333334,0.011,0.2883,,,
1932-10-01,-0.09407605,0.26582882727333335,-0.09,0.17354166666666668,-0.681311,0.10226600833333344,-0.057,0.2203,,,
1932-11-01,-0.29589286,0.06401201727333339,-0.27,-0.006458333333333351,-0.847339,-0.06376199166666652,-0.216,0.06129999999999999,,,
1932-12-01,-0.26641268,0.09349219727333336,-0.27,-0.006458333333333351,-0.752539,0.031038008333333478,-0.144,0.1333,,,
1933-01-01,-0.3241178,0.035787077273333356,-0.23,0.03354166666666666,-0.748122,0.03545500833333348,-0.193,0.08429999999999999,,,
1933-02-01,-0.34880838,0.011096497273333394,-0.29,-0.026458333333333313,-0.918987,-0.13540999166666656,-0.233,0.04429999999999998,,,
1933-03-01,-0.4006236,-0.040718722726666656,-0.29,-0.026458333333333313,-0.876227,-0.09264999166666654,-0.314,-0.03670000000000001,,,
1933-04-01,-0.30257553,0.057329347273333386,-0.24,0.023541666666666676,-0.80773,-0.024152991666666512,-0.224,0.053299999999999986,,,
1933-05-01,-0.2908854,0.06901947727333335,-0.29,-0.026458333333333313,-0.804963,-0.02138599166666655,-0.19,0.08729999999999999,,,
1933-06-01,-0.3269607,0.032944177273333375,-0.34,-0.07645833333333335,-0.797216,-0.0136389916666666,-0.217,0.06029999999999999,,,
1933-07-01,-0.29399803,0.06590684727333335,-0.21,0.053541666666666675,-0.836665,-0.053087991666666556,-0.227,0.050299999999999984,,,
1933-08-01,-0.15399523,0.20590964727333336,-0.24,0.023541666666666676,-0.788387,-0.004809991666666513,-0.154,0.12329999999999999,,,
1933-09-01,-0.32821533,0.03168954727333334,-0.29,-0.026458333333333313,-0.940844,-0.15726699166666658,-0.271,0.006299999999999972,,,
1933-10-01,-0.2487255,0.11117937727333338,-0.25,0.013541666666666667,-0.806069,-0.0224919916666666,-0.09,0.1873,,,
1933-11-01,-0.4060631,-0.04615822272666664,-0.31,-0.04645833333333333,-0.894467,-0.11088999166666658,-0.283,-0.005699999999999983,,,
1933-12-01,-0.5147507,-0.15484582272666664,-0.45,-0.18645833333333334,-0.973554,-0.1899769916666666,-0.409,-0.13169999999999998,,,
1934-01-01,-0.3302793,0.02962557727333337,-0.21,0.053541666666666675,-0.850641,-0.06706399166666654,-0.219,0.05829999999999999,,,
1934-02-01,-0.14811876,0.21178611727333338,-0.03,0.23354166666666668,-0.714872,0.06870500833333348,-0.038,0.23929999999999998,,,
1934-03-01,-0.42936015,-0.06945527272666663,-0.29,-0.026458333333333313,-0.911003,-0.12742599166666657,-0.31,-0.03270000000000001,,,
1934-04-01,-0.38489783,-0.02499295272666663,-0.31,-0.04645833333333333,-0.843017,-0.05943999166666658,-0.293,-0.015699999999999992,,,
1934-05-01,-0.14961712,0.21028775727333338,-0.09,0.17354166666666668,-0.646613,0.13696400833333344,-0.096,0.1813,,,
1934-06-01,-0.09052083,0.26938404727333337,-0.15,0.11354166666666668,-0.687831,0.09574600833333347,-0.04,0.23729999999999998,,,
1934-07-01,-0.17999098,0.17991389727333337,-0.11,0.15354166666666666,-0.688218,0.09535900833333344,-0.085,0.19229999999999997,,,
1934-08-01,-0.11649547,0.24340940727333338,-0.12,0.14354166666666668,-0.700272,0.08330500833333343,-0.127,0.1503,,,
1934-09-01,-0.13917924,0.22072563727333336,-0.15,0.11354166666666668,-0.668672,0.11490500833333339,-0.065,0.2123,,,
1934-10-01,-0.08315384,0.2767510372733334,-0.07,0.19354166666666667,-0.628431,0.15514600833333347,0.061,0.3383,,,
1934-11-01,0.03561093,0.39551580727333335,0.03,0.29354166666666665,-0.547993,0.23558400833333348,0.172,0.4493,,,
1934-12-01,-0.10855337,0.2513515072733334,-0.03,0.23354166666666668,-0.636256,0.1473210083333334,-0.026,0.25129999999999997,,,
1935-01-01,-0.35741302,0.002491857273333342,-0.34,-0.07645833333333335,-0.870323,-0.08674599166666652,-0.297,-0.019699999999999995,,,
1935-02-01,0.040657837,0.40056271427333334,0.14,0.40354166666666663,-0.493739,0.28983800833333345,0.128,0.4053,,,
1935-03-01,-0.23294424,0.12696063727333337,-0.14,0.12354166666666666,-0.810731,-0.027153991666666544,-0.158,0.11929999999999999,,,
1935-04-01,-0.33146426,0.028440617273333357,-0.37,-0.10645833333333332,-0.954562,-0.17098499166666659,-0.236,0.0413,,,
1935-05-01,-0.32954872,0.03035615727333335,-0.29,-0.026458333333333313,-0.818887,-0.035309991666666596,-0.24,0.0373,,,
1935-06-01,-0.21777625,0.14212862727333336,-0.27,-0.006458333333333351,-0.813382,-0.029804991666666614,-0.142,0.1353,,,
1935-07-01,-0.15007329,0.20983158727333337,-0.22,0.043541666666666666,-0.662278,0.1212990083333334,-0.045,0.2323,,,
1935-08-01,-0.14960822,0.21029665727333338,-0.22,0.043541666666666666,-0.686156,0.09742100833333345,-0.092,0.1853,,,
1935-09-01,-0.19363704,0.16626783727333336,-0.21,0.053541666666666675,-0.673562,0.11001500833333344,-0.086,0.1913,,,
1935-10-01,-0.05373449,0.30617038727333334,-0.06,0.20354166666666668,-0.650519,0.13305800833333348,0.028,0.3053,,,
1935-11-01,-0.32635114,0.033553737273333384,-0.26,0.0035416666666666582,-0.768127,0.015450008333333431,-0.229,0.04829999999999998,,,
1935-12-01,-0.25254253,0.10736234727333338,-0.17,0.09354166666666666,-0.690976,0.0926010083333334,-0.147,0.1303,,,
1936-01-01,-0.39335644,-0.033451562726666606,-0.28,-0.01645833333333336,-0.897194,-0.11361699166666661,-0.269,0.008299999999999974,,,
1936-02-01,-0.33927172,0.02063315727333337,-0.38,-0.11645833333333333,-0.894344,-0.11076699166666659,-0.284,-0.006699999999999984,,,
1936-03-01,-0.33444518,0.02545969727333336,-0.21,0.053541666666666675,-0.850141,-0.0665639916666666,-0.204,0.0733,,,
1936-04-01,-0.19625486,0.16365001727333336,-0.2,0.06354166666666666,-0.738848,0.044729008333333486,-0.136,0.14129999999999998,,,
1936-05-01,-0.17848295,0.18142192727333337,-0.16,0.10354166666666667,-0.715134,0.06844300833333339,-0.109,0.1683,,,
1936-06-01,-0.14979307,0.21011180727333337,-0.22,0.043541666666666666,-0.712808,0.07076900833333344,-0.045,0.2323,,,
1936-07-01,-0.07909436,0.2808105172733334,-0.1,0.16354166666666667,-0.584756,0.19882100833333338,0.012,0.2893,,,
1936-08-01,-0.070707254,0.28919762327333337,-0.14,0.12354166666666666,-0.55293,0.2306470083333334,0.018,0.2953,,,
1936-09-01,-0.108802326,0.25110255127333336,-0.09,0.17354166666666668,-0.681257,0.10232000833333343,-0.011,0.2663,,,
1936-10-01,-0.039926305,0.3199785722733334,-0.03,0.23354166666666668,-0.577658,0.20591900833333343,0.11,0.3873,,,
1936-11-01,-0.063195124,0.2967097532733334,0.01,0.2735416666666667,-0.642975,0.14060200833333347,0.004,0.2813,,,
1936-12-01,-0.098335825,0.2615690522733334,-0.01,0.25354166666666667,-0.594487,0.18909000833333345,0.07,0.3473,,,
1937-01-01,-0.12454075,0.23536412727333336,-0.08,0.1835416666666667,-0.662757,0.1208200083333334,-0.047,0.2303,,,
1937-02-01,0.072073765,0.4319786422733334,0.03,0.29354166666666665,-0.588717,0.1948600083333334,0.096,0.37329999999999997,,,
1937-03-01,-0.26155695,0.09834792727333336,-0.21,0.053541666666666675,-0.838884,-0.05530699166666653,-0.113,0.1643,,,
1937-04-01,-0.11816132,0.24174355727333335,-0.16,0.10354166666666667,-0.776555,0.00702200833333344,-0.023,0.25429999999999997,,,
1937-05-01,-0.08955565,0.2703492272733334,-0.06,0.20354166666666668,-0.628673,0.1549040083333334,-0.018,0.2593,,,
1937-06-01,-0.00652999,0.3533748872733334,-0.05,0.21354166666666666,-0.611841,0.17173600833333347,0.068,0.3453,,,
1937-07-01,0.024520576,0.3844254532733334,-0.04,0.22354166666666667,-0.574081,0.20949600833333348,0.132,0.4093,,,
1937-08-01,0.04098419,0.40088906727333334,0.01,0.2735416666666667,-0.530698,0.25287900833333343,0.112,0.3893,,,
1937-09-01,0.1475272,0.5074320772733334,0.09,0.35354166666666664,-0.481921,0.30165600833333345,0.22,0.49729999999999996,,,
1937-10-01,0.13115542,0.49106029727333333,0.08,0.34354166666666663,-0.498315,0.28526200833333343,0.261,0.5383,,,
1937-11-01,0.06559572,0.42550059727333334,0.07,0.3335416666666667,-0.512152,0.2714250083333334,0.148,0.4253,,,
1937-12-01,-0.07408369,0.2858211872733334,-0.08,0.1835416666666667,-0.658968,0.12460900833333344,0.042,0.3193,,,
1938-01-01,0.04496974,0.40487461727333335,0.08,0.34354166666666663,-0.578589,0.20498800833333342,0.11,0.3873,,,
1938-02-01,-0.014212734,0.34569214327333336,0.04,0.30354166666666665,-0.594294,0.18928300833333345,0.097,0.37429999999999997,,,
1938-03-01,-0.025334358,0.33457051927333337,0.1,0.36354166666666665,-0.566346,0.21723100833333342,0.086,0.36329999999999996,,,
1938-04-01,0.03365099,0.39355586727333336,0.06,0.32354166666666667,-0.546384,0.23719300833333345,0.055,0.3323,,,
1938-05-01,-0.10347957,0.25642530727333335,-0.1,0.16354166666666667,-0.650781,0.13279600833333338,-0.03,0.2473,,,
1938-06-01,-0.092039436,0.26786544127333334,-0.17,0.09354166666666666,-0.740395,0.04318200833333341,-0.089,0.1883,,,
1938-07-01,-0.044450153,0.3154547242733334,-0.09,0.17354166666666668,-0.597052,0.1865250083333334,0.031,0.3083,,,
1938-08-01,0.0016560663,0.36156094357333335,-0.06,0.20354166666666668,-0.61666,0.16691700833333345,0.008,0.2853,,,
1938-09-01,0.024587316,0.3844921932733334,0.01,0.2735416666666667,-0.532741,0.2508360083333334,0.119,0.3963,,,
1938-10-01,0.16581134,0.5257162172733334,0.14,0.40354166666666663,-0.495587,0.28799000833333344,0.24,0.5173,,,
1938-11-01,0.05244539,0.41235026727333335,0.07,0.3335416666666667,-0.522428,0.26114900833333343,0.142,0.4193,,,
1938-12-01,-0.19831587,0.16158900727333336,-0.13,0.13354166666666667,-0.732538,0.05103900833333341,-0.072,0.20529999999999998,,,
1939-01-01,-0.11470534,0.24519953727333338,-0.06,0.20354166666666668,-0.642535,0.14104200833333347,-0.035,0.2423,,,
1939-02-01,-0.12072663,0.23917824727333337,-0.07,0.19354166666666667,-0.700202,0.08337500833333344,-0.06,0.2173,,,
1939-03-01,-0.2948422,0.06506267727333337,-0.18,0.08354166666666668,-0.89586,-0.11228299166666655,-0.191,0.08629999999999999,,,
1939-04-01,-0.11647774,0.24342713727333337,-0.1,0.16354166666666667,-0.766849,0.016728008333333433,-0.002,0.2753,,,
1939-05-01,-0.039852332,0.3200525452733334,-0.04,0.22354166666666667,-0.620385,0.16319200833333347,0.119,0.3963,,,
1939-06-01,0.015481897,0.3753867742733334,-0.07,0.19354166666666667,-0.596746,0.18683100833333344,0.106,0.3833,,,
1939-07-01,-0.036095645,0.32380923227333336,-0.06,0.20354166666666668,-0.493579,0.28999800833333345,0.042,0.3193,,,
1939-08-01,-0.036164053,0.3237408242733334,-0.06,0.20354166666666668,-0.522867,0.26071000833333347,0.087,0.36429999999999996,,,
1939-09-01,-0.01526929,0.3446355872733334,-0.07,0.19354166666666667,-0.533075,0.25050200833333347,0.126,0.4033,,,
1939-10-01,-0.10086634,0.25903853727333337,-0.04,0.22354166666666667,-0.637727,0.1458500083333334,0.039,0.31629999999999997,,,
1939-11-01,0.020696409,0.38060128627333334,0.07,0.3335416666666667,-0.506023,0.27755400833333344,0.104,0.3813,,,
1939-12-01,0.33719608,0.6971009572733333,0.42,0.6835416666666667,-0.157777,0.6258000083333335,0.428,0.7053,,,
1940-01-01,-0.04680307,0.31310180727333337,-0.01,0.25354166666666667,-0.523382,0.2601950083333334,0.121,0.3983,-0.944512030803704,-0.06451203080370405,
1940-02-01,0.080247834,0.4401527112733334,0.08,0.34354166666666663,-0.452528,0.33104900833333345,0.201,0.4783,-0.8569249816856601,0.02307501831433989,
1940-03-01,-0.043005414,0.31689946327333335,0.09,0.35354166666666664,-0.591015,0.19256200833333348,0.188,0.4653,-0.8852708128838067,-0.005270812883806708,
1940-04-01,0.14281604,0.5027209172733333,0.17,0.43354166666666666,-0.371591,0.41198600833333343,0.233,0.5103,-0.6050685458653167,0.27493145413468334,
1940-05-01,0.035399556,0.39530443327333337,0.1,0.36354166666666665,-0.397446,0.3861310083333334,0.161,0.4383,-0.5157716458732864,0.3642283541267136,
1940-06-01,0.043449067,0.4033539442733334,0.11,0.37354166666666666,-0.535857,0.2477200083333334,0.154,0.4313,-0.6678458028042478,0.21215419719575224,
1940-07-01,0.14791606,0.5078209372733333,0.12,0.3835416666666666,-0.489874,0.29370300833333346,0.181,0.4583,-0.45032422351431123,0.4296757764856888,
1940-08-01,0.101698846,0.4616037232733334,0.06,0.32354166666666667,-0.512403,0.2711740083333334,0.143,0.4203,-0.4983954765902503,0.3816045234097497,
1940-09-01,0.1286174,0.48852227727333336,0.15,0.41354166666666664,-0.428943,0.3546340083333334,0.178,0.4553,-0.6349882999642098,0.2450117000357902,
1940-10-01,0.09768017,0.4575850472733334,0.11,0.37354166666666666,-0.415582,0.36799500833333343,0.194,0.4713,-0.8134765686039138,0.06652343139608619,
1940-11-01,-0.0021208753,0.3577840019733334,0.16,0.42354166666666665,-0.428774,0.35480300833333345,0.075,0.3523,-0.7597428027815685,0.12025719721843153,
1940-12-01,0.20000899,0.5599138672733334,0.31,0.5735416666666667,-0.298867,0.48471000833333344,0.24,0.5173,-0.5993111897614902,0.2806888102385098,
1941-01-01,-0.043574393,0.3163304842733334,0.17,0.43354166666666666,-0.478589,0.30498800833333345,-0.108,0.1693,-0.6808054534462222,0.19919454655377777,
1941-02-01,0.11192768,0.4718325572733334,0.3,0.5635416666666667,-0.36732,0.41625700833333346,0.079,0.3563,-0.5434459873791813,0.33655401262081874,
1941-03-01,-0.123052314,0.23685256327333337,0.1,0.36354166666666665,-0.560722,0.22285500833333338,-0.028,0.2493,-0.713452071225749,0.16654792877425095,
1941-04-01,0.033017304,0.39292218127333334,0.16,0.42354166666666665,-0.385385,0.39819200833333346,0.009,0.2863,-0.8072730345434085,0.07272696545659152,
1941-05-01,0.058046844,0.41795172127333335,0.16,0.42354166666666665,-0.409696,0.37388100833333343,0.044,0.3213,-0.6066774400445354,0.2733225599554646,
1941-06-01,0.054870714,0.41477559127333335,0.12,0.3835416666666666,-0.391793,0.39178400833333343,0.111,0.3883,-0.49336138453297096,0.38663861546702905,
1941-07-01,0.1563377,0.5162425772733333,0.21,0.47354166666666664,-0.351891,0.4316860083333334,0.213,0.49029999999999996,-0.5438682659562879,0.3361317340437121,
1941-08-01,0.036030337,0.3959352142733334,0.14,0.40354166666666663,-0.38936,0.39421700833333345,0.077,0.3543,-0.47546742105283,0.40453257894717,
1941-09-01,-0.14676172,0.21314315727333336,0.02,0.28354166666666664,-0.507999,0.27557800833333346,-0.114,0.1633,-0.8540340047606954,0.02596599523930465,
1941-10-01,0.21039876,0.5703036372733333,0.35,0.6135416666666667,-0.273499,0.5100780083333334,0.21,0.48729999999999996,-0.5077652368376668,0.37223476316233317,
1941-11-01,-0.012618683,0.34728619427333335,0.22,0.48354166666666665,-0.415686,0.36789100833333344,0.038,0.31529999999999997,-0.7852491497515874,0.09475085024841257,
1941-12-01,0.07761256,0.43751743727333336,0.21,0.47354166666666664,-0.262354,0.5212230083333335,0.09,0.36729999999999996,-0.6907419414356717,0.1892580585643283,
1942-01-01,0.24973598,0.6096408572733334,0.28,0.5435416666666667,-0.310408,0.4731690083333334,0.228,0.5053,-0.5611309263972508,0.3188690736027492,
1942-02-01,0.015508232,0.3754131092733334,0.02,0.28354166666666664,-0.681597,0.10198000833333343,-0.062,0.2153,-0.797074147731502,0.08292585226849802,
1942-03-01,-0.04526941,0.31463546727333336,0.05,0.31354166666666666,-0.586043,0.19753400833333346,-0.018,0.2593,-0.7089864153980621,0.17101358460193794,
1942-04-01,-0.009011197,0.35089368027333334,0.09,0.35354166666666664,-0.563558,0.22001900833333343,-0.078,0.19929999999999998,-0.80339891633235,0.07660108366764995,
1942-05-01,0.12236629,0.48227116727333336,0.11,0.37354166666666666,-0.475482,0.3080950083333334,0.036,0.31329999999999997,-0.6082203165381372,0.27177968346186276,
1942-06-01,0.02726805,0.38717292727333336,0.04,0.30354166666666665,-0.48891,0.2946670083333334,0.024,0.3013,-0.6794271521511455,0.20057284784885454,
1942-07-01,-0.062464308,0.29744056927333334,0.0,0.2635416666666667,-0.579638,0.20393900833333345,-0.071,0.20629999999999998,-0.7245041289971788,0.15549587100282125,
1942-08-01,-0.061117124,0.29878775327333335,-0.04,0.22354166666666667,-0.551983,0.23159400833333343,-0.086,0.1913,-0.7488105433632803,0.13118945663671966,
1942-09-01,-0.014324819,0.3455800582733334,-0.03,0.23354166666666668,-0.521068,0.26250900833333346,-0.012,0.2653,-0.7406982437536165,0.13930175624638352,
1942-10-01,-0.09257965,0.26732522727333335,0.01,0.2735416666666667,-0.576524,0.2070530083333334,-0.0,0.2773,-0.7223960080978706,0.15760399190212937,
1942-11-01,-0.055774804,0.30413007327333336,0.09,0.35354166666666664,-0.544184,0.23939300833333343,-0.048,0.2293,-0.8752362725965899,0.004763727403410134,
1942-12-01,-0.08047181,0.2794330672733334,0.12,0.3835416666666666,-0.520329,0.2632480083333334,0.009,0.2863,-0.8201895281711948,0.05981047182880517,
1943-01-01,-0.19098167,0.16892320727333338,-0.01,0.25354166666666667,-0.673355,0.1102220083333334,-0.087,0.1903,-0.8180684924296848,0.06193150757031518,
1943-02-01,-0.02702341,0.33288146727333334,0.17,0.43354166666666666,-0.575077,0.2085000083333335,0.037,0.31429999999999997,-0.6841822760391612,0.19581772396083885,
1943-03-01,-0.16375095,0.19615392727333336,-0.04,0.22354166666666667,-0.675843,0.10773400833333346,-0.144,0.1333,-0.885704015278538,-0.005704015278538033,
1943-04-01,0.022385767,0.38229064427333337,0.11,0.37354166666666666,-0.473938,0.3096390083333334,0.008,0.2853,-0.7719385014508422,0.10806149854915781,
1943-05-01,0.03288265,0.3927875272733334,0.06,0.32354166666666667,-0.540328,0.2432490083333334,-0.008,0.2693,-0.630253887158716,0.249746112841284,
1943-06-01,-0.07796264,0.28194223727333334,-0.05,0.21354166666666666,-0.672593,0.11098400833333344,-0.016,0.2613,-0.762700855926294,0.11729914407370601,
1943-07-01,0.020770969,0.3806758462733334,0.08,0.34354166666666663,-0.485249,0.29832800833333345,-0.008,0.2693,-0.7421954416399181,0.13780455836008187,
1943-08-01,0.030902661,0.39080753827333337,0.0,0.2635416666666667,-0.503091,0.2804860083333335,0.045,0.3223,-0.7759572617588368,0.10404273824116317,
1943-09-01,-0.014618457,0.3452864202733334,0.05,0.31354166666666666,-0.57844,0.20513700833333348,0.025,0.3023,-0.710615762990404,0.16938423700959604,
1943-10-01,0.23026688,0.5901717572733334,0.23,0.49354166666666666,-0.334482,0.44909500833333343,0.292,0.5692999999999999,-0.6499119968155007,0.2300880031844993,
1943-11-01,0.10361148,0.4635163572733334,0.19,0.4535416666666667,-0.426014,0.35756300833333343,0.118,0.3953,-0.6768329708629839,0.20316702913701612,
1943-12-01,0.10983145,0.46973632727333337,0.23,0.49354166666666666,-0.368026,0.4155510083333334,0.115,0.3923,-0.6103202415995632,0.2696797584004368,
1944-01-01,0.32446104,0.6843659172733334,0.36,0.6235416666666667,-0.308991,0.4745860083333334,0.243,0.5203,-0.38893459033294775,0.49106540966705226,
1944-02-01,0.12444995,0.48435482727333334,0.24,0.5035416666666667,-0.367295,0.41628200833333345,0.149,0.4263,-0.4992651756857587,0.3807348243142413,
1944-03-01,0.11578709,0.47569196727333335,0.26,0.5235416666666667,-0.402522,0.38105500833333344,0.167,0.44430000000000003,-0.45858692802558565,0.42141307197441435,
1944-04-01,0.043971848,0.40387672527333335,0.19,0.4535416666666667,-0.473292,0.31028500833333345,0.061,0.3383,-0.6300149124232295,0.24998508757677051,
1944-05-01,0.118437715,0.47834259227333337,0.18,0.44354166666666667,-0.40252,0.38105700833333345,0.128,0.4053,-0.5982362527215344,0.28176374727846565,
1944-06-01,0.10558869,0.46549356727333335,0.15,0.41354166666666664,-0.408927,0.37465000833333345,0.02,0.2973,-0.5164117136845157,0.36358828631548434,
1944-07-01,0.14798354,0.5078884172733333,0.17,0.43354166666666666,-0.457094,0.32648300833333344,0.108,0.3853,-0.5330090793394753,0.3469909206605247,
1944-08-01,0.20684843,0.5667533072733334,0.18,0.44354166666666667,-0.455675,0.32790200833333344,0.183,0.4603,-0.4688065229690359,0.4111934770309641,
1944-09-01,0.1646595,0.5245643772733334,0.28,0.5435416666666667,-0.336687,0.4468900083333334,0.238,0.5153,-0.41223034531150304,0.46776965468849696,
1944-10-01,0.2101328,0.5700376772733333,0.26,0.5235416666666667,-0.365126,0.41845100833333343,0.26,0.5373,-0.45972991087468174,0.42027008912531827,
1944-11-01,0.090104856,0.4500097332733334,0.11,0.37354166666666666,-0.476884,0.30669300833333346,0.033,0.3103,-0.6913533282329016,0.18864667176709837,
1944-12-01,0.083113395,0.44301827227333335,0.04,0.30354166666666665,-0.368248,0.4153290083333334,0.118,0.3953,-0.7618600805431264,0.11813991945687363,
1945-01-01,0.093040675,0.4529455522733334,0.1,0.36354166666666665,-0.443803,0.33977400833333343,0.068,0.3453,-0.7447358950747649,0.1352641049252351,
1945-02-01,0.045245588,0.40515046527333337,0.01,0.2735416666666667,-0.529132,0.2544450083333334,-0.0,0.2773,-0.9197361538107831,-0.039736153810783104,
1945-03-01,0.03489175,0.39479662727333337,0.06,0.32354166666666667,-0.528657,0.2549200083333334,-0.038,0.23929999999999998,-0.8089273692169918,0.07107263078300818,
1945-04-01,0.20919947,0.5691043472733334,0.2,0.4635416666666667,-0.321678,0.4618990083333334,0.096,0.37329999999999997,-0.6639374825551787,0.2160625174448213,
1945-05-01,-0.06126155,0.29864332727333337,0.06,0.32354166666666667,-0.489196,0.2943810083333334,-0.026,0.25129999999999997,-0.7329600487128971,0.1470399512871029,
1945-06-01,-0.040081773,0.3198231042733334,0.01,0.2735416666666667,-0.461327,0.32225000833333345,0.022,0.2993,-0.5328113884749364,0.34718861152506364,
1945-07-01,0.0026349896,0.3625398668733334,0.04,0.30354166666666665,-0.567848,0.21572900833333342,0.016,0.2933,-0.6489244034174781,0.23107559658252186,
1945-08-01,0.23794259,0.5978474672733334,0.26,0.5235416666666667,-0.277875,0.5057020083333335,0.219,0.49629999999999996,-0.3345524813349847,0.5454475186650153,
1945-09-01,0.10414755,0.4640524272733334,0.21,0.47354166666666664,-0.468347,0.3152300083333334,0.074,0.3513,-0.5259051805846191,0.3540948194153809,
1945-10-01,0.09338272,0.45328759727333334,0.19,0.4535416666666667,-0.452802,0.33077500833333345,0.241,0.5183,-0.5589520908512888,0.3210479091487112,
1945-11-01,-0.0029492748,0.35695560247333336,0.07,0.3335416666666667,-0.52397,0.2596070083333334,0.03,0.3073,-0.7574984613578639,0.12250153864213609,
1945-12-01,-0.20132583,0.15857904727333336,-0.07,0.19354166666666667,-0.649681,0.13389600833333348,-0.139,0.13829999999999998,-0.8672549937831739,0.01274500621682606,
1946-01-01,0.0405929,0.40049777727333336,0.15,0.41354166666666664,-0.365494,0.41808300833333345,0.022,0.2993,-0.6203564291858434,0.25964357081415657,
1946-02-01,-0.12366901,0.23623586727333337,0.03,0.29354166666666665,-0.625798,0.15777900833333347,-0.169,0.10829999999999998,-0.7269474129082543,0.15305258709174574,
1946-03-01,-0.13080442,0.22910045727333336,0.01,0.2735416666666667,-0.701226,0.08235100833333342,-0.064,0.2133,-0.652765496834963,0.22723450316503702,
1946-04-01,-0.005365729,0.3545391482733334,0.06,0.32354166666666667,-0.568501,0.2150760083333334,-0.003,0.2743,-0.6242584558794366,0.2557415441205634,
1946-05-01,-0.08367489,0.27622998727333337,-0.07,0.19354166666666667,-0.597379,0.18619800833333344,-0.019,0.2583,-0.5544861572475099,0.32551384275249007,
1946-06-01,-0.26983657,0.09006830727333337,-0.21,0.053541666666666675,-0.709408,0.0741690083333334,-0.212,0.0653,-0.6378975427555638,0.24210245724443624,
1946-07-01,-0.11259827,0.24730660727333337,-0.12,0.14354166666666668,-0.594183,0.18939400833333342,-0.069,0.20829999999999999,-0.5788172584804521,0.30118274151954794,
1946-08-01,-0.15736927,0.20253560727333336,-0.2,0.06354166666666666,-0.707226,0.07635100833333341,-0.098,0.1793,-0.6695228746462512,0.21047712535374885,
1946-09-01,-0.097848,0.2620568772733334,-0.08,0.1835416666666667,-0.529076,0.25450100833333344,-0.053,0.2243,-0.6539537982734949,0.22604620172650514,
1946-10-01,-0.071094766,0.28881011127333334,-0.08,0.1835416666666667,-0.624849,0.15872800833333345,0.011,0.2883,-0.7775350035920034,0.10246499640799656,
1946-11-01,-0.11436654,0.24553833727333335,-0.05,0.21354166666666666,-0.596328,0.18724900833333347,-0.066,0.2113,-0.7245547478500729,0.1554452521499271,
1946-12-01,-0.34679186,0.01311301727333336,-0.31,-0.04645833333333333,-0.758734,0.024843008333333416,-0.237,0.0403,-0.8399608770878579,0.04003912291214207,
1947-01-01,-0.15669821,0.20320666727333336,-0.07,0.19354166666666667,-0.585576,0.19800100833333345,-0.044,0.2333,-0.6324146338813499,0.24758536611865012,
1947-02-01,-0.14593273,0.21397214727333336,-0.08,0.1835416666666667,-0.64454,0.13903700833333343,-0.053,0.2243,-0.7268121375617458,0.15318786243825422,
1947-03-01,-0.07969951,0.28020536727333334,0.07,0.3335416666666667,-0.632251,0.15132600833333343,0.075,0.3523,-0.5786257165724074,0.30137428342759265,
1947-04-01,-0.06208204,0.29782283727333336,0.06,0.32354166666666667,-0.545761,0.23781600833333338,0.0,0.2773,-0.5138338928059571,0.36616610719404286,
1947-05-01,-0.07677964,0.2831252372733334,-0.02,0.24354166666666668,-0.589758,0.19381900833333343,-0.046,0.2313,-0.5689446034898822,0.3110553965101178,
1947-06-01,-0.093579635,0.2663252422733334,-0.02,0.24354166666666668,-0.601503,0.18207400833333343,0.066,0.3433,-0.5186168898470491,0.3613831101529509,
1947-07-01,-0.071048304,0.28885657327333336,-0.04,0.22354166666666667,-0.540828,0.24274900833333346,0.003,0.2803,-0.542546401976491,0.33745359802350905,
1947-08-01,-0.118973285,0.24093159227333338,-0.07,0.19354166666666667,-0.672751,0.11082600833333345,-0.106,0.1713,-0.6644095742835283,0.2155904257164717,
1947-09-01,-0.16704448,0.19286039727333337,-0.12,0.14354166666666668,-0.686898,0.09667900833333343,-0.083,0.19429999999999997,-0.6917412579334048,0.1882587420665952,
1947-10-01,0.031783853,0.3916887302733334,0.07,0.3335416666666667,-0.577706,0.20587100833333338,0.093,0.37029999999999996,-0.58051473353704,0.29948526646296003,
1947-11-01,0.024341784,0.38424666127333335,0.02,0.28354166666666664,-0.580753,0.20282400833333347,0.032,0.3093,-0.6916852608847197,0.1883147391152803,
1947-12-01,-0.23622113,0.12368374727333337,-0.13,0.13354166666666667,-0.687198,0.09637900833333346,-0.129,0.1483,-0.8156574212032659,0.0643425787967341,
1948-01-01,-0.022709899,0.3371949782733334,0.06,0.32354166666666667,-0.583022,0.2005550083333334,0.001,0.2783,-0.6504218628115801,0.2295781371884199,
1948-02-01,-0.2402255,0.11967937727333336,-0.15,0.11354166666666668,-0.719973,0.06360400833333346,-0.168,0.10929999999999998,-0.8392442639708921,0.04075573602910787,
1948-03-01,-0.290874,0.06903087727333335,-0.24,0.023541666666666676,-0.799225,-0.015647991666666528,-0.23,0.04729999999999998,-0.8924175228994109,-0.012417522899410893,
1948-04-01,-0.11970083,0.2402040472733334,-0.12,0.14354166666666668,-0.671204,0.11237300833333341,-0.157,0.12029999999999999,-0.7419005808121089,0.13809941918789115,
1948-05-01,0.05162446,0.41152933727333335,-0.01,0.25354166666666667,-0.448655,0.3349220083333334,0.136,0.4133,-0.5457348875235937,0.33426511247640633,
1948-06-01,-0.014276116,0.34562876127333336,-0.05,0.21354166666666666,-0.650156,0.13342100833333348,0.035,0.3123,-0.6014406580142513,0.2785593419857487,
1948-07-01,-0.13495894,0.22494593727333337,-0.11,0.15354166666666666,-0.568126,0.21545100833333342,-0.063,0.2143,-0.5946387069764647,0.2853612930235353,
1948-08-01,-0.049284745,0.31062013227333335,-0.12,0.14354166666666668,-0.571088,0.2124890083333334,0.006,0.2833,-0.5705135790545945,0.30948642094540546,
1948-09-01,-0.13981593,0.22008894727333336,-0.14,0.12354166666666666,-0.677557,0.10602000833333347,-0.097,0.1803,-0.7159485125682075,0.16405148743179254,
1948-10-01,-0.06086924,0.2990356372733334,-0.05,0.21354166666666666,-0.588899,0.19467800833333349,0.016,0.2933,-0.5837022908503506,0.29629770914964937,
1948-11-01,-0.17867373,0.18123114727333337,-0.12,0.14354166666666668,-0.643567,0.14001000833333344,-0.15,0.1273,-0.6204927998996599,0.2595072001003401,
1948-12-01,-0.35026267,0.00964220727333337,-0.23,0.03354166666666666,-0.839518,-0.05594099166666655,-0.259,0.018299999999999983,-0.896907544678097,-0.016907544678096964,
1949-01-01,-0.028536009,0.33136886827333334,0.06,0.32354166666666667,-0.513333,0.2702440083333334,0.04,0.31729999999999997,-0.5418456283213651,0.33815437167863494,
1949-02-01,-0.24785815,0.11204672727333337,-0.14,0.12354166666666666,-0.73681,0.04676700833333347,-0.241,0.0363,-0.7484828255962217,0.1315171744037783,
1949-03-01,-0.12045357,0.23945130727333336,-0.02,0.24354166666666668,-0.6578,0.12577700833333338,-0.134,0.14329999999999998,-0.6989884255709917,0.18101157442900828,
1949-04-01,-0.15664081,0.20326406727333338,-0.11,0.15354166666666666,-0.670349,0.11322800833333346,-0.145,0.1323,-0.7324047298919769,0.1475952701080231,
1949-05-01,-0.11873754,0.24116733727333337,-0.1,0.16354166666666667,-0.574416,0.2091610083333334,-0.078,0.19929999999999998,-0.6095292545763016,0.2704707454236984,
1949-06-01,-0.24279937,0.11710550727333338,-0.27,-0.006458333333333351,-0.713254,0.07032300833333338,-0.119,0.1583,-0.6836931866910554,0.19630681330894462,
1949-07-01,-0.1905579,0.16934697727333337,-0.13,0.13354166666666667,-0.640063,0.1435140083333334,-0.122,0.1553,-0.5580419940004582,0.32195800599954183,
1949-08-01,-0.08612758,0.2737772972733334,-0.13,0.13354166666666667,-0.621989,0.16158800833333342,-0.077,0.20029999999999998,-0.6665139072823116,0.21348609271768837,
1949-09-01,-0.13694791,0.22295696727333336,-0.14,0.12354166666666666,-0.730527,0.0530500083333334,-0.136,0.14129999999999998,-0.633034181164124,0.24696581883587598,
1949-10-01,-0.10052041,0.25938446727333336,-0.06,0.20354166666666668,-0.651556,0.1320210083333334,-0.051,0.2263,-0.6677266737722896,0.21227332622771045,
1949-11-01,-0.19435553,0.16554934727333337,-0.1,0.16354166666666667,-0.685229,0.09834800833333346,-0.126,0.1513,-0.654948181288967,0.22505181871103297,
1949-12-01,-0.22292389,0.13698098727333335,-0.18,0.08354166666666668,-0.637205,0.14637200833333341,-0.077,0.20029999999999998,-0.6712082758071709,0.2087917241928291,
1950-01-01,-0.31205648,0.04784839727333334,-0.27,-0.006458333333333351,-0.780192,0.003385008333333439,-0.333,-0.05570000000000003,-0.9101760023611369,-0.030176002361136933,-1.53
1950-02-01,-0.38173488,-0.02183000272666663,-0.27,-0.006458333333333351,-0.873197,-0.08961999166666657,-0.383,-0.10570000000000002,-0.9359303629850562,-0.05593036298505616,-1.34
1950-03-01,-0.23012649,0.12977838727333338,-0.08,0.1835416666666667,-0.691073,0.09250400833333339,-0.183,0.0943,-0.7743929959478528,0.10560700405214718,-1.16
1950-04-01,-0.25358754,0.10631733727333337,-0.21,0.053541666666666675,-0.79911,-0.015532991666666551,-0.217,0.06029999999999999,-0.8373412585117936,0.042658741488206364,-1.18
1950-05-01,-0.15597142,0.20393345727333337,-0.11,0.15354166666666666,-0.594861,0.18871600833333346,-0.044,0.2333,-0.7021715921176508,0.17782840788234922,-1.07
1950-06-01,-0.1162904,0.24361447727333335,-0.05,0.21354166666666666,-0.650432,0.13314500833333343,-0.049,0.2283,-0.6403969101615807,0.23960308983841927,-0.85
1950-07-01,-0.12139744,0.23850743727333337,-0.09,0.17354166666666668,-0.626031,0.15754600833333343,-0.031,0.2463,-0.7129909911207015,0.16700900887929848,-0.54
1950-08-01,-0.16753763,0.19236724727333337,-0.16,0.10354166666666667,-0.700461,0.08311600833333344,-0.095,0.1823,-0.8167500379182151,0.0632499620817849,-0.42
1950-09-01,-0.2575728,0.10233207727333338,-0.11,0.15354166666666666,-0.676495,0.10708200833333348,-0.174,0.1033,-0.6649732575840979,0.21502674241590214,-0.39
1950-10-01,-0.21433103,0.14557384727333336,-0.2,0.06354166666666666,-0.774146,0.009431008333333435,-0.09,0.1873,-0.6475769213181586,0.23242307868184142,-0.44
1950-11-01,-0.39536238,-0.035457502726666645,-0.34,-0.07645833333333335,-0.894964,-0.11138699166666655,-0.319,-0.041700000000000015,-0.9015539479583712,-0.021553947958371178,-0.6
1950-12-01,-0.26990637,0.08999850727333336,-0.22,0.043541666666666666,-0.782015,0.00156200833333342,-0.19,0.08729999999999999,-0.6620490793841007,0.21795092061589927,-0.8
1951-01-01,-0.3730249,-0.013120022726666625,-0.34,-0.07645833333333335,-0.922753,-0.1391759916666666,-0.368,-0.0907,-0.9176377599986232,-0.03763775999862318,-0.82
1951-02-01,-0.5210606,-0.16115572272666662,-0.41,-0.1464583333333333,-1.01709,-0.23351299166666661,-0.441,-0.1637,-1.0465343117766057,-0.16653431177660571,-0.54
1951-03-01,-0.27582434,0.08408053727333337,-0.2,0.06354166666666666,-0.790907,-0.007329991666666591,-0.204,0.0733,-0.8449230237451566,0.035076976254843406,-0.17
1951-04-01,-0.12049987,0.23940500727333336,-0.14,0.12354166666666666,-0.739044,0.0445330083333334,-0.102,0.1753,-0.7187139184215372,0.1612860815784628,0.18
1951-05-01,0.01955781,0.3794626872733334,0.0,0.2635416666666667,-0.546596,0.23698100833333346,0.065,0.3423,-0.4113107989763023,0.4686892010236977,0.36
1951-06-01,0.04966371,0.40956858727333334,-0.07,0.19354166666666667,-0.543208,0.2403690083333334,0.137,0.4143,-0.5004368391893017,0.3795631608106983,0.58
1951-07-01,0.026798174,0.3867030512733334,-0.01,0.25354166666666667,-0.554833,0.22874400833333342,0.038,0.31529999999999997,-0.6677216149611205,0.21227838503887952,0.7
1951-08-01,0.11070832,0.4706131972733334,0.06,0.32354166666666667,-0.454404,0.32917300833333346,0.146,0.4233,-0.4879901079210107,0.3920098920789893,0.89
1951-09-01,0.12119114,0.4810960172733334,0.05,0.31354166666666666,-0.459384,0.3241930083333334,0.129,0.4063,-0.49299172027774674,0.38700827972225327,0.99
1951-10-01,0.1160645,0.4759693772733334,0.08,0.34354166666666663,-0.443039,0.3405380083333334,0.257,0.5343,-0.481835271843817,0.398164728156183,1.15
1951-11-01,-0.0822425,0.27766237727333337,-0.01,0.25354166666666667,-0.613755,0.16982200833333339,0.003,0.2803,-0.5794611551952134,0.30053884480478665,1.04
1951-12-01,0.066099,0.4260038772733334,0.16,0.42354166666666665,-0.403718,0.3798590083333334,0.182,0.4593,-0.4635950339008694,0.4164049660991306,0.81
1952-01-01,0.088901006,0.4488058832733334,0.11,0.37354166666666666,-0.47346,0.31011700833333344,0.164,0.4413,-0.5090198568053061,0.37098014319469386,0.53
1952-02-01,0.062034227,0.42193910427333337,0.11,0.37354166666666666,-0.508398,0.2751790083333334,0.094,0.37129999999999996,-0.5919125439494284,0.2880874560505716,0.37
1952-03-01,-0.16755393,0.19235094727333338,-0.08,0.1835416666666667,-0.697564,0.08601300833333347,-0.063,0.2143,-0.7428180829600883,0.13718191703991167,0.34
1952-04-01,0.038563304,0.3984681812733334,0.03,0.29354166666666665,-0.531678,0.25189900833333345,0.086,0.36329999999999996,-0.7051274015047344,0.1748725984952656,0.29
1952-05-01,0.016832318,0.3767371952733334,-0.03,0.23354166666666668,-0.567389,0.2161880083333334,0.103,0.38029999999999997,-0.5648669833214797,0.31513301667852034,0.2
1952-06-01,0.015272959,0.37517783627333334,-0.03,0.23354166666666668,-0.580984,0.2025930083333335,0.098,0.37529999999999997,-0.5445266193624825,0.3354733806375175,0.0
1952-07-01,0.084065214,0.44397009127333337,0.04,0.30354166666666665,-0.534256,0.24932100833333348,0.13,0.4073,-0.5405615665593437,0.3394384334406563,-0.08
1952-08-01,0.09411653,0.4540214072733334,0.05,0.31354166666666666,-0.539864,0.24371300833333343,0.128,0.4053,-0.6866949863048184,0.1933050136951816,0.0
1952-09-01,0.09025618,0.4501610572733334,0.07,0.3335416666666667,-0.528892,0.2546850083333334,0.145,0.4223,-0.6121514371451333,0.2678485628548667,0.15
1952-10-01,-0.021701682,0.33820319527333337,0.0,0.2635416666666667,-0.573783,0.2097940083333334,0.101,0.37829999999999997,-0.6914157688941707,0.18858423110582934,0.1
1952-11-01,-0.12981972,0.23008515727333337,-0.13,0.13354166666666667,-0.666696,0.11688100833333348,-0.087,0.1903,-0.9122879345771597,-0.03228793457715973,0.04
1952-12-01,-0.041257963,0.31864691427333336,-0.02,0.24354166666666668,-0.565746,0.21783100833333346,0.036,0.31329999999999997,-0.7018211829654,0.17817881703460003,0.15
1953-01-01,-0.009481655,0.3504232222733334,0.07,0.3335416666666667,-0.50355,0.2800270083333334,0.061,0.3383,-0.6511782966026622,0.22882170339733776,0.4
1953-02-01,0.092715986,0.4526208632733334,0.15,0.41354166666666664,-0.445832,0.33774500833333343,0.179,0.4563,-0.6081151828425906,0.2718848171574094,0.6
1953-03-01,0.010100863,0.3700057402733334,0.11,0.37354166666666666,-0.509202,0.2743750083333334,0.076,0.3533,-0.6526090087802636,0.22739099121973638,0.63
1953-04-01,0.22457166,0.5844765372733334,0.19,0.4535416666666667,-0.396527,0.3870500083333334,0.273,0.5503,-0.5019203527221467,0.37807964727785326,0.66
1953-05-01,0.1485824,0.5084872772733333,0.11,0.37354166666666666,-0.420676,0.36290100833333344,0.27,0.5473,-0.3900019690204033,0.4899980309795967,0.75
1953-06-01,0.14060082,0.5005056972733334,0.12,0.3835416666666666,-0.459395,0.32418200833333344,0.225,0.5023,-0.524151162070023,0.355848837929977,0.77
1953-07-01,0.042875353,0.4027802302733334,0.01,0.2735416666666667,-0.563112,0.2204650083333335,0.115,0.3923,-0.5023735454628273,0.3776264545371727,0.75
1953-08-01,0.08775201,0.44765688727333336,0.05,0.31354166666666666,-0.571933,0.2116440083333334,0.129,0.4063,-0.5293192871082546,0.3506807128917454,0.73
1953-09-01,0.087082855,0.4469877322733334,0.04,0.30354166666666665,-0.587436,0.19614100833333348,0.106,0.3833,-0.6320964841129815,0.24790351588701853,0.78
1953-10-01,0.08415312,0.4440579972733334,0.08,0.34354166666666663,-0.521272,0.2623050083333335,0.15,0.4273,-0.5973587388954904,0.2826412611045096,0.84
1953-11-01,-0.0065065175,0.3533983597733334,-0.03,0.23354166666666668,-0.600924,0.18265300833333342,0.005,0.2823,-0.6938577951820779,0.1861422048179221,0.84
1953-12-01,0.021230971,0.38113584827333336,0.05,0.31354166666666666,-0.504633,0.27894400833333344,0.137,0.4143,-0.5960333838669634,0.28396661613303664,0.81
1954-01-01,-0.24383795,0.11606692727333337,-0.24,0.023541666666666676,-0.747299,0.03627800833333339,-0.191,0.08629999999999999,-0.8751060198916285,0.0048939801083714984,0.76
1954-02-01,-0.090500064,0.2694048132733334,-0.1,0.16354166666666667,-0.646903,0.13667400833333343,-0.065,0.2123,-0.7948668960057095,0.08513310399429053,0.47
1954-03-01,-0.18270025,0.17720462727333336,-0.15,0.11354166666666668,-0.752149,0.03142800833333348,-0.089,0.1883,-0.7481057331639427,0.13189426683605732,-0.05
1954-04-01,-0.11627275,0.2436321272733334,-0.14,0.12354166666666666,-0.776276,0.00730100833333347,-0.134,0.14329999999999998,-0.7728281285934546,0.10717187140654538,-0.41
1954-05-01,-0.1709937,0.18891117727333337,-0.2,0.06354166666666666,-0.73919,0.04438700833333342,-0.115,0.1623,-0.6440358485713489,0.23596415142865113,-0.54
1954-06-01,-0.13182655,0.22807832727333338,-0.18,0.08354166666666668,-0.669351,0.1142260083333334,0.001,0.2783,-0.7300543986599273,0.14994560134007273,-0.5
1954-07-01,-0.19750206,0.16240281727333336,-0.19,0.07354166666666667,-0.686499,0.09707800833333347,-0.065,0.2123,-0.7318081533306291,0.1481918466693709,-0.64
1954-08-01,-0.10172095,0.2581839272733334,-0.17,0.09354166666666666,-0.669287,0.11429000833333347,-0.084,0.19329999999999997,-0.8029668400165555,0.07703315998344451,-0.84
1954-09-01,-0.1145618,0.24534307727333338,-0.1,0.16354166666666667,-0.703829,0.0797480083333334,-0.11,0.1673,-0.875787175411336,0.00421282458866401,-0.9
1954-10-01,-0.012458718,0.3474461592733334,-0.02,0.24354166666666668,-0.605033,0.1785440083333334,0.076,0.3533,-0.7725421994690116,0.10745780053098841,-0.77
1954-11-01,0.11703094,0.47693581727333334,0.08,0.34354166666666663,-0.534281,0.24929600833333343,0.099,0.37629999999999997,-0.6828287899559431,0.1971712100440569,-0.73
1954-12-01,-0.16503163,0.19487324727333336,-0.18,0.08354166666666668,-0.677016,0.10656100833333348,-0.081,0.19629999999999997,-0.8119950742238551,0.06800492577614492,-0.66
1955-01-01,0.10743682,0.46734169727333336,0.13,0.3935416666666666,-0.437584,0.34599300833333346,0.139,0.4163,-0.5804526648928423,0.2995473351071577,-0.68
1955-02-01,-0.19313392,0.16677095727333338,-0.16,0.10354166666666667,-0.813828,-0.03025099166666656,-0.207,0.0703,-0.9159774112898678,-0.035977411289867756,-0.62
1955-03-01,-0.3986435,-0.038738622726666616,-0.32,-0.05645833333333334,-0.920156,-0.13657899166666654,-0.343,-0.06570000000000004,-1.0248359101242563,-0.14483591012425634,-0.69
1955-04-01,-0.23075695,0.12914792727333338,-0.22,0.043541666666666666,-0.805289,-0.021711991666666597,-0.225,0.052299999999999985,-0.8441745655042556,0.03582543449574438,-0.8
1955-05-01,-0.23812088,0.12178399727333336,-0.2,0.06354166666666666,-0.756034,0.027543008333333452,-0.216,0.06129999999999999,-0.7193516450078334,0.16064835499216656,-0.79
1955-06-01,-0.17912176,0.18078311727333338,-0.13,0.13354166666666667,-0.703255,0.08032200833333347,-0.122,0.1553,-0.7188856070346041,0.16111439296539587,-0.72
1955-07-01,-0.20958729,0.15031758727333336,-0.11,0.15354166666666666,-0.71064,0.07293700833333339,-0.158,0.11929999999999999,-0.7628831172740966,0.11711688272590337,-0.68
1955-08-01,-0.08957664,0.2703282372733334,0.02,0.28354166666666664,-0.542551,0.24102600833333343,0.153,0.4303,-0.6003042042120263,0.27969579578797366,-0.75
1955-09-01,-0.1438991,0.21600577727333337,-0.11,0.15354166666666666,-0.710558,0.07301900833333341,-0.09,0.1873,-0.683151955939298,0.196848044060702,-1.09
1955-10-01,-0.11588212,0.24402275727333336,-0.05,0.21354166666666666,-0.67853,0.10504700833333347,-0.037,0.24029999999999999,-0.738652246496553,0.14134775350344697,-1.42
1955-11-01,-0.32515964,0.03474523727333334,-0.25,0.013541666666666667,-0.871985,-0.08840799166666657,-0.265,0.012299999999999978,-0.9200305608615853,-0.040030560861585296,-1.67
1955-12-01,-0.3677441,-0.00783922272666665,-0.28,-0.01645833333333336,-0.891916,-0.1083389916666666,-0.278,-0.0007000000000000339,-0.9465138566857512,-0.06651385668575116,-1.47
1956-01-01,-0.23874073,0.12116414727333336,-0.13,0.13354166666666667,-0.714737,0.06884000833333348,-0.122,0.1553,-0.7562065503280984,0.12379344967190165,-1.11
1956-02-01,-0.28779706,0.07210781727333337,-0.24,0.023541666666666676,-0.797041,-0.013463991666666564,-0.232,0.04529999999999998,-0.8818995978490936,-0.0018995978490935483,-0.76
1956-03-01,-0.36208683,-0.0021819527266666583,-0.21,0.053541666666666675,-0.819034,-0.035456991666666604,-0.296,-0.018699999999999994,-0.8436047978060692,0.036395202193930776,-0.63
1956-04-01,-0.30881304,0.051091837273333385,-0.28,-0.01645833333333336,-0.855982,-0.07240499166666658,-0.271,0.006299999999999972,-0.8795636541443574,0.00043634585564256145,-0.54
1956-05-01,-0.3357531,0.02415177727333334,-0.29,-0.026458333333333313,-0.834616,-0.05103899166666659,-0.263,0.01429999999999998,-0.8364576532166268,0.04354234678337321,-0.52
1956-06-01,-0.22907464,0.13083023727333337,-0.15,0.11354166666666668,-0.738856,0.04472100833333348,-0.195,0.08229999999999998,-0.799543980533695,0.08045601946630498,-0.51
1956-07-01,-0.21012819,0.14977668727333338,-0.09,0.17354166666666668,-0.691403,0.09217400833333345,-0.112,0.1653,-0.7797623789739951,0.10023762102600486,-0.57
1956-08-01,-0.29088178,0.06902309727333339,-0.25,0.013541666666666667,-0.843942,-0.060364991666666534,-0.284,-0.006699999999999984,-0.883673447480934,-0.003673447480934011,-0.55
1956-09-01,-0.27417457,0.08573030727333336,-0.19,0.07354166666666667,-0.799564,-0.015986991666666617,-0.244,0.033299999999999996,-0.9214357427358557,-0.04143574273585571,-0.46
1956-10-01,-0.2644093,0.09549557727333335,-0.23,0.03354166666666666,-0.849705,-0.06612799166666661,-0.207,0.0703,-0.9862920851894152,-0.10629208518941524,-0.42
1956-11-01,-0.21971346,0.14019141727333337,-0.15,0.11354166666666668,-0.743635,0.03994200833333339,-0.184,0.0933,-0.8544262447126929,0.0255737552873071,-0.43
1956-12-01,-0.15804568,0.20185919727333337,-0.06,0.20354166666666668,-0.612499,0.17107800833333342,-0.02,0.2573,-0.7478305730586179,0.13216942694138212,-0.43
1957-01-01,-0.21867512,0.14122975727333337,-0.09,0.17354166666666668,-0.651918,0.13165900833333344,-0.152,0.1253,-0.7878874100970812,0.09211258990291882,-0.25
1957-02-01,-0.1591183,0.20078657727333338,-0.03,0.23354166666666668,-0.701277,0.0823000083333334,-0.108,0.1693,-0.7960918022324623,0.08390819776753766,0.06
1957-03-01,-0.19854978,0.16135509727333336,-0.05,0.21354166666666666,-0.745636,0.03794100833333347,-0.136,0.14129999999999998,-0.8041906087683124,0.07580939123168762,0.41
1957-04-01,-0.040503476,0.3194014012733334,0.0,0.2635416666666667,-0.583794,0.1997830083333334,-0.01,0.2673,-0.6593232153286923,0.2206767846713077,0.72
1957-05-01,0.033637576,0.39354245327333337,0.09,0.35354166666666664,-0.493752,0.2898250083333334,0.117,0.3943,-0.5427325155584128,0.33726748444158716,0.92
1957-06-01,0.06498408,0.42488895727333337,0.15,0.41354166666666664,-0.459067,0.32451000833333343,0.168,0.44530000000000003,-0.4707167369108838,0.4092832630891162,1.11
1957-07-01,-0.06165202,0.2982528572733334,0.02,0.28354166666666664,-0.516655,0.26692200833333346,-0.002,0.2753,-0.57740420789764,0.30259579210236,1.25
1957-08-01,0.07240853,0.43231340727333334,0.15,0.41354166666666664,-0.454876,0.32870100833333343,0.117,0.3943,-0.5269147305454602,0.3530852694545398,1.32
1957-09-01,0.04057059,0.4004754672733334,0.09,0.35354166666666664,-0.496325,0.2872520083333334,0.042,0.3193,-0.5342452132905926,0.3457547867094074,1.33
1957-10-01,-0.00016871607,0.35973616120333335,0.01,0.2735416666666667,-0.520058,0.2635190083333334,0.105,0.3823,-0.5212982974060871,0.3587017025939129,1.39
1957-11-01,-0.004293654,0.3556112232733334,0.08,0.34354166666666663,-0.552203,0.23137400833333344,0.074,0.3513,-0.5109491141418179,0.36905088585818213,1.53
1957-12-01,0.05235917,0.4122640472733334,0.15,0.41354166666666664,-0.456142,0.32743500833333344,0.124,0.4013,-0.4584312604280534,0.4215687395719466,1.74
1958-01-01,0.25787136,0.6177762372733333,0.39,0.6535416666666667,-0.255517,0.5280600083333334,0.302,0.5792999999999999,-0.294766504379421,0.585233495620579,1.81
1958-02-01,0.09133103,0.45123590727333335,0.22,0.48354166666666665,-0.448012,0.3355650083333334,0.147,0.4243,-0.4683597736600351,0.4116402263399649,1.66
1958-03-01,0.0060634757,0.36596835297333336,0.08,0.34354166666666663,-0.52549,0.2580870083333334,0.076,0.3533,-0.535089608796131,0.344910391203869,1.27
1958-04-01,-0.06798845,0.29191642727333333,0.01,0.2735416666666667,-0.563387,0.22019000833333346,-0.007,0.2703,-0.5392840112931427,0.34071598870685726,0.93
1958-05-01,0.01650016,0.37640503727333335,0.06,0.32354166666666667,-0.496008,0.28756900833333343,0.032,0.3093,-0.42618026252111463,0.4538197374788854,0.74
1958-06-01,-0.1536078,0.20629707727333338,-0.09,0.17354166666666668,-0.575779,0.2077980083333334,-0.05,0.2273,-0.539957289536158,0.34004271046384205,0.64
1958-07-01,-0.018375644,0.34152923327333334,0.05,0.31354166666666666,-0.487278,0.29629900833333345,0.027,0.3043,-0.48595585585178114,0.39404414414821887,0.57
1958-08-01,-0.08171818,0.27818669727333334,-0.05,0.21354166666666666,-0.582074,0.20150300833333346,-0.026,0.25129999999999997,-0.5768995114702911,0.30310048852970894,0.43
1958-09-01,-0.111651435,0.24825344227333337,-0.03,0.23354166666666668,-0.63963,0.1439470083333334,-0.084,0.19329999999999997,-0.6554633344928682,0.2245366655071318,0.39
1958-10-01,-0.016835088,0.34306978927333337,0.04,0.30354166666666665,-0.580791,0.2027860083333335,0.055,0.3323,-0.6241647333346343,0.2558352666653657,0.44
1958-11-01,-0.03734682,0.32255805727333337,0.02,0.28354166666666664,-0.611134,0.17244300833333348,0.025,0.3023,-0.6329652115017783,0.2470347884982217,0.5
1958-12-01,-0.081942834,0.27796204327333335,0.01,0.2735416666666667,-0.489777,0.2938000083333334,0.062,0.3393,-0.6086276558659414,0.27137234413405864,0.61
1959-01-01,0.015283068,0.3751879452733334,0.08,0.34354166666666663,-0.490642,0.2929350083333334,0.052,0.3293,-0.5087516792181042,0.37124832078189585,0.61
1959-02-01,-0.007371678,0.3525331992733334,0.07,0.3335416666666667,-0.538921,0.24465600833333345,-0.015,0.2623,-0.5630086918636668,0.31699130813633325,0.62
1959-03-01,0.018143501,0.3780483782733334,0.18,0.44354166666666667,-0.452063,0.33151400833333344,0.092,0.36929999999999996,-0.43259991870634806,0.44740008129365194,0.52
1959-04-01,0.02855976,0.38846463727333336,0.16,0.42354166666666665,-0.467561,0.31601600833333343,0.135,0.4123,-0.46704416314076447,0.41295583685923554,0.33
1959-05-01,-0.038834758,0.3210701192733334,0.04,0.30354166666666665,-0.486879,0.29669800833333343,0.043,0.3203,-0.5309464949805545,0.34905350501944554,0.2
1959-06-01,-0.00085770286,0.3590471744133334,0.03,0.29354166666666665,-0.497266,0.28631100833333345,0.073,0.3503,-0.5158457331643653,0.3641542668356347,-0.07
1959-07-01,-0.04000526,0.3198996172733334,0.03,0.29354166666666665,-0.521625,0.26195200833333343,0.062,0.3393,-0.5289525177282108,0.35104748227178917,-0.18
1959-08-01,-0.038377,0.3215278772733334,-0.01,0.25354166666666667,-0.537281,0.24629600833333343,-0.002,0.2753,-0.5937021577881332,0.2862978422118668,-0.28
1959-09-01,-0.13988893,0.22001594727333337,-0.06,0.20354166666666668,-0.58604,0.19753700833333343,-0.068,0.20929999999999999,-0.7040705478375351,0.17592945216246492,-0.09
1959-10-01,-0.07035952,0.28954535727333336,-0.07,0.19354166666666667,-0.598794,0.1847830083333334,0.02,0.2973,-0.6381979792739223,0.2418020207260777,-0.03
1959-11-01,-0.18299846,0.17690641727333337,-0.08,0.1835416666666667,-0.640091,0.14348600833333347,-0.139,0.13829999999999998,-0.735625096661261,0.14437490333873904,0.05
1959-12-01,-0.101615734,0.25828914327333335,0.0,0.2635416666666667,-0.535678,0.24789900833333345,0.012,0.2893,-0.5908907143487703,0.28910928565122973,-0.04
1960-01-01,-0.11280805,0.24709682727333337,0.0,0.2635416666666667,-0.597988,0.18558900833333347,-0.044,0.2333,-0.5680184797869821,0.31198152021301795,-0.1
1960-02-01,0.023852468,0.3837573452733334,0.13,0.3935416666666666,-0.485387,0.2981900083333334,0.082,0.3593,-0.48461087398907843,0.3953891260109216,-0.1
1960-03-01,-0.4439794,-0.08407452272666666,-0.35,-0.0864583333333333,-0.905795,-0.12221799166666658,-0.36,-0.0827,-0.9115794423315897,-0.03157944233158971,-0.07
1960-04-01,-0.26108533,0.09881954727333336,-0.15,0.11354166666666668,-0.744013,0.0395640083333334,-0.197,0.08029999999999998,-0.7438677327293082,0.13613226727069183,0.03
1960-05-01,-0.17648228,0.18342259727333338,-0.08,0.1835416666666667,-0.682951,0.10062600833333346,-0.089,0.1883,-0.6186988262228681,0.2613011737771319,0.02
1960-06-01,-0.12366712,0.23623775727333335,-0.04,0.22354166666666667,-0.61576,0.16781700833333346,-0.016,0.2613,-0.5684559472962682,0.31154405270373176,0.03
1960-07-01,-0.11077627,0.24912860727333336,-0.04,0.22354166666666667,-0.553649,0.2299280083333335,-0.024,0.25329999999999997,-0.5770667533723177,0.3029332466276823,0.13
1960-08-01,-0.0013532831,0.3585515941733334,0.02,0.28354166666666664,-0.578765,0.20481200833333346,0.045,0.3223,-0.531888002442944,0.348111997557056,0.24
1960-09-01,0.004837685,0.36474256227333335,0.07,0.3335416666666667,-0.552238,0.23133900833333343,0.027,0.3043,-0.6236130049907622,0.2563869950092378,0.27
1960-10-01,-0.029017955,0.3308869222733334,0.06,0.32354166666666667,-0.58085,0.20272700833333346,0.046,0.3233,-0.5697091761062545,0.3102908238937455,0.2
1960-11-01,-0.21354827,0.14635660727333336,-0.11,0.15354166666666666,-0.73506,0.04851700833333339,-0.163,0.11429999999999998,-0.717536712627032,0.162463287372968,0.12
1960-12-01,0.083580986,0.4434858632733334,0.19,0.4535416666666667,-0.382795,0.40078200833333344,0.179,0.4563,-0.4338297005645835,0.44617029943541653,0.05
1961-01-01,-0.04635575,0.3135491272733334,0.07,0.3335416666666667,-0.514213,0.2693640083333334,0.041,0.31829999999999997,-0.5174475551648321,0.3625524448351679,0.04
1961-02-01,0.096705556,0.4566104332733334,0.19,0.4535416666666667,-0.478979,0.30459800833333345,0.126,0.4033,-0.4858414568153595,0.3941585431846405,0.03
1961-03-01,-0.055172652,0.3047322252733334,0.09,0.35354166666666664,-0.565267,0.21831000833333347,-0.004,0.2733,-0.5635367606362998,0.31646323936370024,0.04
1961-04-01,0.06639144,0.4262963172733334,0.13,0.3935416666666666,-0.476253,0.30732400833333345,0.128,0.4053,-0.5177641502234511,0.3622358497765489,0.09
1961-05-01,0.073675886,0.4335807632733334,0.12,0.3835416666666666,-0.435044,0.34853300833333345,0.141,0.4183,-0.4279449463549838,0.4520550536450162,0.23
1961-06-01,0.09197989,0.4518847672733334,0.12,0.3835416666666666,-0.450094,0.33348300833333344,0.164,0.4413,-0.4629017347397557,0.4170982652602443,0.27
1961-07-01,-0.032639332,0.32726554527333335,0.01,0.2735416666666667,-0.511097,0.2724800083333334,0.027,0.3043,-0.4931436672274536,0.3868563327725464,0.14
1961-08-01,-0.008431585,0.35147329227333335,0.01,0.2735416666666667,-0.536609,0.24696800833333343,0.043,0.3203,-0.5497109466526844,0.3302890533473156,-0.13
1961-09-01,-0.024969703,0.33493517427333336,0.08,0.34354166666666663,-0.555574,0.22800300833333342,0.008,0.2853,-0.5157293620671801,0.3642706379328199,-0.3
1961-10-01,-0.05986275,0.30004212727333335,0.0,0.2635416666666667,-0.592394,0.19118300833333346,0.03,0.3073,-0.5789230916518129,0.3010769083481871,-0.26
1961-11-01,-0.026532466,0.3333724112733334,0.03,0.29354166666666665,-0.563622,0.21995500833333348,0.019,0.2963,-0.6104263323722652,0.2695736676277348,-0.19
1961-12-01,-0.2475997,0.11230517727333336,-0.16,0.10354166666666667,-0.707396,0.07618100833333341,-0.131,0.14629999999999999,-0.720556602706008,0.15944339729399204,-0.16
1962-01-01,-0.05151344,0.30839143727333335,0.05,0.31354166666666666,-0.548882,0.23469500833333345,0.026,0.3033,-0.5908452313746544,0.2891547686253456,-0.24
1962-02-01,0.0194362,0.3793410772733334,0.15,0.41354166666666664,-0.478982,0.3045950083333334,0.097,0.37429999999999997,-0.5261968096129923,0.3538031903870077,-0.22
1962-03-01,0.024368165,0.38427304227333337,0.1,0.36354166666666665,-0.513736,0.26984100833333347,0.092,0.36929999999999996,-0.5580772971278698,0.3219227028721302,-0.2
1962-04-01,-0.017083768,0.34282110927333337,0.05,0.31354166666666666,-0.554732,0.22884500833333343,0.017,0.2943,-0.5910194362681356,0.2889805637318644,-0.26
1962-05-01,-0.17464149,0.18526338727333336,-0.06,0.20354166666666668,-0.646918,0.13665900833333344,-0.147,0.1303,-0.6286739427639247,0.25132605723607526,-0.28
1962-06-01,-0.051164575,0.3087403022733334,0.03,0.29354166666666665,-0.59066,0.19291700833333347,-0.036,0.2413,-0.6541795141306288,0.2258204858693712,-0.2
1962-07-01,-0.10579,0.2541148772733334,0.02,0.28354166666666664,-0.57661,0.20696700833333348,-0.044,0.2333,-0.5425502800984496,0.33744971990155037,-0.04
1962-08-01,-0.106195755,0.25370912227333337,-0.01,0.25354166666666667,-0.621334,0.16224300833333338,-0.043,0.2343,-0.601004175366544,0.27899582463345596,-0.07
1962-09-01,-0.06979703,0.2901078472733334,0.0,0.2635416666666667,-0.630237,0.1533400083333334,-0.049,0.2283,-0.6465193588724567,0.2334806411275433,-0.11
1962-10-01,-0.03567457,0.32423030727333335,0.01,0.2735416666666667,-0.577659,0.2059180083333334,0.001,0.2783,-0.6074703755173907,0.2725296244826093,-0.22
1962-11-01,-0.015679093,0.3442257842733334,0.06,0.32354166666666667,-0.490825,0.2927520083333334,0.015,0.2923,-0.6038373972696949,0.27616260273030513,-0.31
1962-12-01,-0.1222971,0.23760777727333338,-0.03,0.23354166666666668,-0.580269,0.2033080083333334,-0.016,0.2613,-0.6208638813874039,0.2591361186125961,-0.43
1963-01-01,-0.11383734,0.24606753727333336,-0.03,0.23354166666666668,-0.622437,0.16114000833333342,-0.051,0.2263,-0.6501136142522874,0.22988638574771258,-0.4
1963-02-01,0.04454994,0.4044548172733334,0.18,0.44354166666666667,-0.462896,0.32068100833333346,0.094,0.37129999999999996,-0.5337182142875978,0.3462817857124022,-0.15
1963-03-01,-0.33684492,0.023059957273333376,-0.14,0.12354166666666666,-0.778803,0.004774008333333413,-0.274,0.0032999999999999696,-0.8481930393795274,0.03180696062047261,0.15
1963-04-01,-0.17461775,0.18528712727333338,-0.07,0.19354166666666667,-0.662364,0.12121300833333348,-0.115,0.1623,-0.7336122972215495,0.14638770277845048,0.27
1963-05-01,-0.1422222,0.21768267727333337,-0.06,0.20354166666666668,-0.597088,0.18648900833333348,-0.096,0.1813,-0.6211194074888056,0.25888059251119444,0.31
1963-06-01,-0.06254856,0.29735631727333334,0.05,0.31354166666666666,-0.573145,0.21043200833333342,-0.002,0.2753,-0.5192139851294932,0.36078601487050677,0.52
1963-07-01,0.06544909,0.42535396727333336,0.06,0.32354166666666667,-0.514872,0.26870500833333344,0.131,0.4083,-0.42860171062767094,0.45139828937232906,0.86
1963-08-01,0.1517052,0.5116100772733334,0.22,0.48354166666666665,-0.433964,0.3496130083333334,0.278,0.5553,-0.35296059994925955,0.5270394000507405,1.14
1963-09-01,0.12742086,0.4873257372733334,0.17,0.43354166666666666,-0.443159,0.3404180083333334,0.17,0.44730000000000003,-0.44814061510315994,0.43185938489684006,1.22
1963-10-01,0.06973716,0.4296420372733334,0.14,0.40354166666666663,-0.466462,0.31711500833333345,0.177,0.4543,-0.5037274881524461,0.37627251184755395,1.29
1963-11-01,0.05098216,0.41088703727333337,0.15,0.41354166666666664,-0.512591,0.2709860083333334,0.137,0.4143,-0.5102871861433531,0.3697128138566469,1.37
1963-12-01,-0.056607757,0.3032971202733334,-0.03,0.23354166666666668,-0.541899,0.24167800833333342,0.057,0.3343,-0.5783251782849241,0.30167482171507587,1.31
1964-01-01,-0.18663408,0.17327079727333336,-0.09,0.17354166666666668,-0.673388,0.11018900833333345,-0.107,0.1703,-0.6365561360923344,0.2434438639076656,1.07
1964-02-01,-0.219652,0.14025287727333338,-0.1,0.16354166666666667,-0.725212,0.05836500833333347,-0.158,0.11929999999999999,-0.678168826834673,0.20183117316532695,0.62
1964-03-01,-0.37943095,-0.01952607272666662,-0.21,0.053541666666666675,-0.872034,-0.08845699166666654,-0.338,-0.06070000000000003,-0.8436742334148626,0.03632576658513742,0.12
1964-04-01,-0.43777615,-0.07787127272666661,-0.32,-0.05645833333333334,-0.885397,-0.10181999166666655,-0.357,-0.0797,-0.8709389895249107,0.009061010475089337,-0.33
1964-05-01,-0.37004596,-0.01014108272666664,-0.25,0.013541666666666667,-0.793333,-0.00975599166666652,-0.289,-0.011699999999999988,-0.7084234452086946,0.1715765547913054,-0.58
1964-06-01,-0.1657647,0.19414017727333338,-0.04,0.22354166666666667,-0.638934,0.14464300833333343,-0.038,0.23929999999999998,-0.6429770139163047,0.23702298608369532,-0.58
1964-07-01,-0.19717492,0.16272995727333336,-0.04,0.22354166666666667,-0.666881,0.11669600833333349,-0.06,0.2173,-0.503475724422966,0.37652427557703405,-0.6
1964-08-01,-0.29605675,0.06384812727333339,-0.22,0.043541666666666666,-0.759515,0.024062008333333385,-0.189,0.08829999999999999,-0.6948193423181728,0.18518065768182723,-0.66
1964-09-01,-0.40020818,-0.04030330272666666,-0.29,-0.026458333333333313,-0.886488,-0.10291099166666662,-0.318,-0.040700000000000014,-0.8969796214716332,-0.016979621471633233,-0.76
1964-10-01,-0.30882215,0.05108272727333335,-0.31,-0.04645833333333333,-0.861574,-0.07799699166666652,-0.264,0.013299999999999979,-1.0023642946077977,-0.12236429460779774,-0.8
1964-11-01,-0.29469582,0.06520905727333337,-0.21,0.053541666666666675,-0.859753,-0.07617599166666655,-0.263,0.01429999999999998,-0.8788995210579404,0.0011004789420595573,-0.82
1964-12-01,-0.3691682,-0.009263322726666634,-0.3,-0.03645833333333332,-0.845657,-0.062079991666666556,-0.301,-0.0237,-0.9147898596712274,-0.034789859671227386,-0.78
1965-01-01,-0.159235,0.20066987727333338,-0.08,0.1835416666666667,-0.694752,0.0888250083333334,-0.094,0.1833,-0.7385758142352152,0.14142418576478477,-0.59
1965-02-01,-0.2624241,0.09748077727333337,-0.17,0.09354166666666666,-0.804784,-0.02120699166666662,-0.192,0.08529999999999999,-0.8424360602730818,0.03756393972691818,-0.28
1965-03-01,-0.25670525,0.10319962727333337,-0.13,0.13354166666666667,-0.801863,-0.018285991666666557,-0.201,0.07629999999999998,-0.7825866571216302,0.09741334287836978,-0.07
1965-04-01,-0.29785508,0.062049797273333374,-0.19,0.07354166666666667,-0.804447,-0.020869991666666587,-0.229,0.04829999999999998,-0.8035822703754381,0.07641772962456195,0.18
1965-05-01,-0.18796317,0.17194170727333336,-0.12,0.14354166666666668,-0.678379,0.10519800833333348,-0.11,0.1673,-0.6315575213037903,0.24844247869620972,0.46
1965-06-01,-0.20483285,0.15507202727333336,-0.08,0.1835416666666667,-0.673327,0.11025000833333343,-0.111,0.1663,-0.6730708924171545,0.20692910758284555,0.83
1965-07-01,-0.26492155,0.09498332727333336,-0.13,0.13354166666666667,-0.68345,0.10012700833333343,-0.123,0.1543,-0.6333190504672039,0.24668094953279607,1.22
1965-08-01,-0.15913042,0.20077445727333337,-0.04,0.22354166666666667,-0.644812,0.13876500833333338,-0.07,0.20729999999999998,-0.673191408596157,0.206808591403843,1.54
1965-09-01,-0.24430783,0.11559704727333336,-0.15,0.11354166666666668,-0.693832,0.08974500833333343,-0.176,0.1013,-0.7224263923802603,0.1575736076197397,1.85
1965-10-01,-0.103734106,0.2561707712733334,-0.05,0.21354166666666666,-0.593305,0.19027200833333346,0.016,0.2933,-0.6797854615097201,0.20021453849027993,1.98
1965-11-01,-0.14268802,0.21721685727333337,-0.06,0.20354166666666668,-0.6042,0.17937700833333348,-0.067,0.2103,-0.6896765960018119,0.19032340399818815,1.97
1965-12-01,-0.14378089,0.21612398727333337,-0.08,0.1835416666666667,-0.617015,0.16656200833333346,-0.035,0.2423,-0.6594312885772773,0.22056871142272272,1.72
1966-01-01,-0.2808778,0.07902707727333336,-0.19,0.07354166666666667,-0.76286,0.020717008333333453,-0.178,0.0993,-0.7392969075737561,0.1407030924262439,1.37
1966-02-01,-0.16212367,0.19778120727333337,-0.04,0.22354166666666667,-0.681213,0.10236400833333348,-0.081,0.19629999999999997,-0.6709364464485876,0.20906355355141237,1.17
1966-03-01,-0.16978277,0.19012210727333337,0.04,0.30354166666666665,-0.693599,0.08997800833333347,-0.082,0.19529999999999997,-0.6272493318827692,0.2527506681172308,0.98
1966-04-01,-0.1690143,0.19089057727333336,-0.13,0.13354166666666667,-0.704406,0.07917100833333346,-0.07,0.20729999999999998,-0.6959823643156202,0.1840176356843798,0.66
1966-05-01,-0.21472336,0.14518151727333337,-0.12,0.14354166666666668,-0.653206,0.13037100833333348,-0.118,0.1593,-0.621923431383351,0.25807656861664896,0.35
1966-06-01,-0.1012937,0.2586111772733334,0.01,0.2735416666666667,-0.554446,0.22913100833333344,0.031,0.3083,-0.5112827192345257,0.3687172807654743,0.24
1966-07-01,0.005452871,0.3653577482733334,0.08,0.34354166666666663,-0.459448,0.3241290083333334,0.1,0.37729999999999997,-0.4096286383726202,0.4703713616273798,0.24
1966-08-01,-0.09650318,0.2634016972733334,-0.09,0.17354166666666668,-0.610232,0.17334500833333344,-0.028,0.2493,-0.5795901670126149,0.3004098329873851,0.12
1966-09-01,-0.08231128,0.2775935972733334,-0.03,0.23354166666666668,-0.601898,0.1816790083333334,-0.016,0.2613,-0.601871503118037,0.27812849688196295,-0.05
1966-10-01,-0.23140763,0.12849724727333336,-0.17,0.09354166666666666,-0.758844,0.024733008333333473,-0.137,0.14029999999999998,-0.7811810011457503,0.09881899885424972,-0.1
1966-11-01,-0.10416578,0.2557390972733334,-0.01,0.25354166666666667,-0.637739,0.1458380083333335,-0.052,0.2253,-0.6966837362279197,0.18331626377208032,-0.18
1966-12-01,-0.13761355,0.22229132727333337,-0.02,0.24354166666666668,-0.622591,0.16098600833333343,-0.032,0.2453,-0.6573161072602396,0.22268389273976041,-0.3
1967-01-01,-0.2173265,0.14257837727333336,-0.07,0.19354166666666667,-0.735454,0.048123008333333384,-0.122,0.1553,-0.7352608346367298,0.14473916536327025,-0.41
1967-02-01,-0.3251586,0.03474627727333335,-0.21,0.053541666666666675,-0.847668,-0.06409099166666654,-0.272,0.005299999999999971,-0.905732954103593,-0.025732954103592998,-0.48
1967-03-01,-0.09407949,0.2658253872733334,0.05,0.31354166666666666,-0.613024,0.17055300833333342,-0.047,0.2303,-0.6387446983540777,0.24125530164592235,-0.53
1967-04-01,-0.13158979,0.22831508727333336,-0.05,0.21354166666666666,-0.639172,0.14440500833333347,-0.055,0.2223,-0.6547845007062225,0.2252154992937775,-0.45
1967-05-01,0.061395533,0.42130041027333337,0.12,0.3835416666666666,-0.400581,0.3829960083333334,0.149,0.4263,-0.41964977757882593,0.46035022242117407,-0.24
1967-06-01,-0.108060315,0.25184456227333335,-0.08,0.1835416666666667,-0.61282,0.1707570083333334,-0.039,0.23829999999999998,-0.5936725873379878,0.2863274126620122,-0.0
1967-07-01,-0.06674149,0.29316338727333335,0.02,0.28354166666666664,-0.583982,0.19959500833333343,0.018,0.2953,-0.528789895662154,0.35121010433784605,0.05
1967-08-01,-0.09757048,0.26233439727333335,0.01,0.2735416666666667,-0.603414,0.18016300833333343,-0.006,0.2713,-0.5716331010705211,0.3083668989294789,-0.16
1967-09-01,-0.12203266,0.23787221727333335,-0.06,0.20354166666666668,-0.590744,0.1928330083333334,-0.05,0.2273,-0.582619495045936,0.297380504954064,-0.3
1967-10-01,-0.017310103,0.34259477427333335,0.09,0.35354166666666664,-0.50148,0.2820970083333334,0.044,0.3213,-0.519762480290364,0.360237519709636,-0.38
1967-11-01,-0.11874013,0.24116474727333337,-0.05,0.21354166666666666,-0.654988,0.12858900833333342,-0.116,0.1613,-0.6676644920050538,0.21233550799494616,-0.34
1967-12-01,-0.15127681,0.20862806727333336,-0.05,0.21354166666666666,-0.590599,0.19297800833333345,-0.064,0.2133,-0.6144425448404398,0.2655574551595602,-0.44
1968-01-01,-0.31816864,0.041736237273333365,-0.26,0.0035416666666666582,-0.793746,-0.010168991666666516,-0.258,0.019299999999999984,-0.8410795212105846,0.0389204787894154,-0.64
1968-02-01,-0.26143587,0.09846900727333335,-0.14,0.12354166666666666,-0.784768,-0.0011909916666665854,-0.211,0.0663,-0.7831349456077366,0.09686505439226345,-0.74
1968-03-01,0.0013748893,0.3612797665733334,0.2,0.4635416666666667,-0.497423,0.28615400833333343,0.064,0.3413,-0.5330801573509412,0.34691984264905884,-0.62
1968-04-01,-0.17663465,0.18327022727333336,-0.06,0.20354166666666668,-0.672161,0.11141600833333343,-0.115,0.1623,-0.6875585534820008,0.19244144651799922,-0.44
1968-05-01,-0.22178532,0.13811955727333336,-0.14,0.12354166666666666,-0.657277,0.12630000833333344,-0.156,0.12129999999999999,-0.6447473343850163,0.2352526656149837,-0.04
1968-06-01,-0.14835933,0.21154554727333336,-0.09,0.17354166666666668,-0.591668,0.19190900833333346,-0.037,0.24029999999999999,-0.684378977165732,0.19562102283426797,0.28
1968-07-01,-0.19193594,0.16796893727333337,-0.13,0.13354166666666667,-0.644401,0.13917600833333343,-0.153,0.1243,-0.5938070779969813,0.2861929220030187,0.58
1968-08-01,-0.12428071,0.23562416727333335,-0.08,0.1835416666666667,-0.592919,0.19065800833333346,-0.078,0.19929999999999998,-0.6529336749084713,0.2270663250915287,0.53
1968-09-01,-0.22119264,0.13871223727333337,-0.19,0.07354166666666667,-0.692433,0.09114400833333347,-0.158,0.11929999999999999,-0.742467038790199,0.13753296120980096,0.45
1968-10-01,0.012375091,0.3722799682733334,0.09,0.35354166666666664,-0.549718,0.2338590083333334,0.075,0.3523,-0.5634426278571247,0.31655737214287527,0.55
1968-11-01,-0.1306103,0.22929457727333336,-0.05,0.21354166666666666,-0.720631,0.06294600833333341,-0.102,0.1753,-0.7135925903371803,0.16640740966281975,0.73
1968-12-01,-0.18690734,0.17299753727333336,-0.14,0.12354166666666666,-0.702155,0.08142200833333346,-0.108,0.1693,-0.7382947060280252,0.14170529397197484,0.98
1969-01-01,-0.15826304,0.20164183727333337,-0.11,0.15354166666666666,-0.694274,0.08930300833333349,-0.112,0.1653,-0.7021273428833261,0.17787265711667388,1.13
1969-02-01,-0.19294651,0.16695836727333338,-0.18,0.08354166666666668,-0.720093,0.06348400833333345,-0.164,0.11329999999999998,-0.7678070426158516,0.11219295738414836,1.09
1969-03-01,-0.12944362,0.23046125727333336,0.01,0.2735416666666667,-0.62202,0.16155700833333342,-0.079,0.19829999999999998,-0.6240736799312749,0.25592632006872507,0.95
1969-04-01,0.05125407,0.41115894727333335,0.17,0.43354166666666666,-0.463037,0.32054000833333346,0.105,0.3823,-0.46099066059928795,0.41900933940071206,0.77
1969-05-01,0.06674557,0.42665044727333334,0.18,0.44354166666666667,-0.380561,0.40301600833333345,0.163,0.4403,-0.3664267945382278,0.5135732054617722,0.61
1969-06-01,0.009539859,0.36944473627333335,0.03,0.29354166666666665,-0.48269,0.30088700833333343,0.089,0.36629999999999996,-0.47665296527109646,0.40334703472890354,0.43
1969-07-01,-0.10438616,0.25551871727333336,-0.04,0.22354166666666667,-0.560179,0.22339800833333345,-0.034,0.2433,-0.5268906657362855,0.3531093342637145,0.36
1969-08-01,-0.06769555,0.2922093272733334,0.04,0.30354166666666665,-0.544327,0.23925000833333343,0.01,0.2873,-0.658231910548583,0.22176808945141702,0.51
1969-09-01,-0.008707715,0.35119716227333336,0.08,0.34354166666666663,-0.505945,0.27763200833333346,0.046,0.3233,-0.5783036225667963,0.30169637743320366,0.79
1969-10-01,0.003719503,0.3636243802733334,0.09,0.35354166666666664,-0.474539,0.30903800833333345,0.102,0.37929999999999997,-0.6101486917735421,0.26985130822645786,0.86
1969-11-01,0.025700565,0.3856054422733334,0.12,0.3835416666666666,-0.46058,0.32299700833333345,0.076,0.3533,-0.48146213046831043,0.39853786953168957,0.81
1969-12-01,0.1709391,0.5308439772733333,0.24,0.5035416666666667,-0.304083,0.47949400833333344,0.238,0.5153,-0.35091858867999903,0.529081411320001,0.63
1970-01-01,0.014872325,0.3747772022733334,0.08,0.34354166666666663,-0.451853,0.33172400833333343,0.089,0.36629999999999996,-0.49907177125072266,0.38092822874927734,0.51
1970-02-01,0.06424315,0.42414802727333334,0.22,0.48354166666666665,-0.454674,0.3289030083333334,0.107,0.3843,-0.4744788470785526,0.4055211529214474,0.34
1970-03-01,-0.08874855,0.2711563272733334,0.06,0.32354166666666667,-0.579331,0.2042460083333334,-0.025,0.25229999999999997,-0.5947208783133142,0.2852791216866858,0.29
1970-04-01,-0.07775901,0.28214586727333335,0.05,0.31354166666666666,-0.534634,0.24894300833333338,0.034,0.3113,-0.48160431049273633,0.3983956895072637,0.19
1970-05-01,-0.14057353,0.21933134727333337,-0.03,0.23354166666666668,-0.570327,0.2132500083333334,-0.032,0.2453,-0.5469089257303779,0.33309107426962214,0.04
1970-06-01,-0.13640197,0.22350290727333336,-0.02,0.24354166666666668,-0.58653,0.19704700833333344,-0.027,0.25029999999999997,-0.5026607116229052,0.37733928837709485,-0.3
1970-07-01,-0.10959522,0.2503096572733334,0.02,0.28354166666666664,-0.528932,0.2546450083333335,0.005,0.2823,-0.5162014370939083,0.3637985629060917,-0.63
1970-08-01,-0.19705239,0.16285248727333337,-0.1,0.16354166666666667,-0.658371,0.1252060083333334,-0.129,0.1483,-0.683691027018714,0.19630897298128602,-0.76
1970-09-01,-0.029022845,0.33088203227333335,0.12,0.3835416666666666,-0.541796,0.24178100833333338,0.054,0.3313,-0.6126501230936476,0.26734987690635237,-0.77
1970-10-01,-0.05903375,0.30087112727333337,0.03,0.29354166666666665,-0.644073,0.13950400833333343,0.02,0.2973,-0.6413138079721641,0.23868619202783592,-0.74
1970-11-01,-0.058711983,0.30119289427333334,0.02,0.28354166666666664,-0.586795,0.19678200833333348,-0.075,0.20229999999999998,-0.6563143831579854,0.2236856168420146,-0.86
1970-12-01,-0.19040346,0.16950141727333337,-0.12,0.14354166666666668,-0.71379,0.0697870083333334,-0.135,0.14229999999999998,-0.6977880823086728,0.18221191769132716,-1.15
1971-01-01,-0.1412453,0.21865957727333338,-0.02,0.24354166666666668,-0.683362,0.10021500833333341,-0.087,0.1903,-0.6628418678605463,0.21715813213945367,-1.36
1971-02-01,-0.27191496,0.08798991727333338,-0.15,0.11354166666666668,-0.810629,-0.027051991666666608,-0.24,0.0373,-0.8477693498265868,0.0322306501734132,-1.38
1971-03-01,-0.33681545,0.02308942727333335,-0.18,0.08354166666666668,-0.792134,-0.008556991666666569,-0.263,0.01429999999999998,-0.811935798009717,0.06806420199028296,-1.12
1971-04-01,-0.23175071,0.12815416727333337,-0.07,0.19354166666666667,-0.708368,0.07520900833333344,-0.123,0.1543,-0.7092256288525451,0.17077437114745486,-0.85
1971-05-01,-0.19585785,0.16404702727333337,-0.05,0.21354166666666666,-0.633299,0.1502780083333335,-0.067,0.2103,-0.6914830786116966,0.18851692138830345,-0.73
1971-06-01,-0.25800508,0.10189979727333337,-0.16,0.10354166666666667,-0.71325,0.07032700833333339,-0.124,0.1533,-0.722326179087684,0.15767382091231597,-0.74
1971-07-01,-0.18224245,0.17766242727333337,-0.08,0.1835416666666667,-0.616552,0.16702500833333345,-0.122,0.1553,-0.7033898748705347,0.17661012512946528,-0.8
1971-08-01,-0.17893139,0.18097348727333337,-0.01,0.25354166666666667,-0.63677,0.1468070083333335,-0.116,0.1613,-0.7038739832671617,0.17612601673283834,-0.77
1971-09-01,-0.122301966,0.23760291127333338,-0.05,0.21354166666666666,-0.567858,0.21571900833333346,-0.053,0.2243,-0.6805018176116171,0.1994981823883829,-0.82
1971-10-01,-0.15378936,0.20611551727333335,-0.04,0.22354166666666667,-0.723199,0.0603780083333334,-0.057,0.2203,-0.7924988475603065,0.08750115243969347,-0.85
1971-11-01,-0.14912635,0.21077852727333338,-0.07,0.19354166666666667,-0.706966,0.07661100833333345,-0.094,0.1833,-0.7528276206715194,0.12717237932848058,-0.96
1971-12-01,-0.22699708,0.13290779727333338,-0.08,0.1835416666666667,-0.674237,0.10934000833333346,-0.136,0.14129999999999998,-0.6856820440540581,0.19431795594594192,-0.9
1972-01-01,-0.37525278,-0.01534790272666664,-0.22,0.043541666666666666,-0.777485,0.006092008333333454,-0.272,0.005299999999999971,-0.8704018575623955,0.009598142437604484,-0.71
1972-02-01,-0.27612054,0.08378433727333334,-0.18,0.08354166666666668,-0.782371,0.001206008333333397,-0.251,0.02629999999999999,-0.9089441176047277,-0.028944117604727704,-0.35
1972-03-01,-0.13954455,0.22036032727333338,0.03,0.29354166666666665,-0.590923,0.19265400833333346,-0.037,0.24029999999999999,-0.7168476101382062,0.1631523898617938,0.06
1972-04-01,-0.12514822,0.23475665727333336,0.0,0.2635416666666667,-0.595867,0.1877100083333334,-0.012,0.2653,-0.613553166190167,0.26644683380983303,0.41
1972-05-01,-0.07922414,0.28068073727333337,-0.03,0.23354166666666668,-0.568049,0.2155280083333334,-0.001,0.2763,-0.5726276067156562,0.30737239328434385,0.67
1972-06-01,-0.029658787,0.33024609027333335,0.04,0.30354166666666665,-0.471013,0.3125640083333334,0.095,0.37229999999999996,-0.4123783567927539,0.4676216432072461,0.92
1972-07-01,-0.088917576,0.27098730127333337,0.02,0.28354166666666664,-0.495655,0.2879220083333334,0.012,0.2893,-0.41668760988852327,0.46331239011147674,1.13
1972-08-01,0.066713534,0.4266184112733334,0.16,0.42354166666666665,-0.380598,0.40297900833333344,0.166,0.4433,-0.45695374371655717,0.42304625628344283,1.37
1972-09-01,-0.04894208,0.31096279727333337,0.02,0.28354166666666664,-0.514339,0.26923800833333345,0.054,0.3313,-0.5499957849561277,0.33000421504387234,1.58
1972-10-01,-0.05213806,0.3077668172733334,0.08,0.34354166666666663,-0.505738,0.2778390083333334,0.07,0.3473,-0.549579012942683,0.33042098705731704,1.84
1972-11-01,-0.047712818,0.3121920592733334,0.02,0.28354166666666664,-0.582265,0.2013120083333334,-0.015,0.2623,-0.6371162062990496,0.24288379370095037,2.09
1972-12-01,0.11380298,0.47370785727333337,0.18,0.44354166666666667,-0.370945,0.4126320083333334,0.227,0.5043,-0.4381690120202073,0.4418309879797927,2.12
1973-01-01,0.103777416,0.4636822932733334,0.29,0.5535416666666667,-0.327507,0.45607000833333344,0.229,0.5063,-0.35455397662633104,0.525446023373669,1.84
1973-02-01,0.16177925,0.5216841272733334,0.33,0.5935416666666667,-0.333688,0.44988900833333345,0.242,0.5193,-0.32962166482053057,0.5503783351794694,1.25
1973-03-01,0.11890244,0.47880731727333337,0.29,0.5535416666666667,-0.399938,0.3836390083333334,0.168,0.44530000000000003,-0.44468221221957904,0.43531778778042096,0.54
1973-04-01,0.19584565,0.5557505272733334,0.27,0.5335416666666667,-0.320768,0.46280900833333344,0.244,0.5213,-0.4156824664350953,0.4643175335649047,-0.1
1973-05-01,0.11073905,0.4706439272733334,0.23,0.49354166666666666,-0.358051,0.4255260083333334,0.227,0.5043,-0.36911145835225057,0.5108885416477494,-0.54
1973-06-01,0.1066091,0.4665139772733334,0.19,0.4535416666666667,-0.331935,0.45164200833333346,0.225,0.5023,-0.4560233163716525,0.4239766836283475,-0.87
1973-07-01,0.020443445,0.3803483222733334,0.13,0.3935416666666666,-0.440192,0.3433850083333334,0.13,0.4073,-0.4524265498273472,0.4275734501726528,-1.11
1973-08-01,-0.021432456,0.3384724212733334,0.05,0.31354166666666666,-0.513567,0.27001000833333344,0.06,0.3373,-0.624058347284123,0.255941652715877,-1.28
1973-09-01,-0.031953212,0.32795166527333336,0.09,0.35354166666666664,-0.52007,0.2635070083333334,0.047,0.3243,-0.5929022773187178,0.2870977226812822,-1.45
1973-10-01,0.014868532,0.37477340927333336,0.1,0.36354166666666665,-0.534323,0.24925400833333344,0.072,0.3493,-0.6428601046363376,0.23713989536366242,-1.71
1973-11-01,-0.022962801,0.3369420762733334,0.04,0.30354166666666665,-0.584177,0.1994000083333335,0.025,0.3023,-0.6133335093727741,0.2666664906272259,-1.95
1973-12-01,-0.12689552,0.23300935727333336,-0.07,0.19354166666666667,-0.595015,0.18856200833333348,-0.015,0.2623,-0.6053303559850427,0.2746696440149573,-2.03
1974-01-01,-0.28131658,0.07858829727333339,-0.1,0.16354166666666667,-0.696464,0.08711300833333346,-0.182,0.0953,-0.7417972719850887,0.1382027280149113,-1.84
1974-02-01,-0.4434101,-0.0835052227266666,-0.27,-0.006458333333333351,-0.897709,-0.11413199166666654,-0.327,-0.04970000000000002,-0.9522715289575618,-0.07227152895756184,-1.55
1974-03-01,-0.23615961,0.12374526727333338,-0.05,0.21354166666666666,-0.730757,0.052820008333333446,-0.153,0.1243,-0.7943823941648311,0.08561760583516886,-1.23
1974-04-01,-0.19784877,0.16205610727333336,-0.11,0.15354166666666666,-0.677399,0.10617800833333346,-0.131,0.14629999999999999,-0.7588469939154212,0.1211530060845788,-1.03
1974-05-01,-0.12763573,0.23226914727333337,-0.04,0.22354166666666667,-0.565493,0.2180840083333334,-0.064,0.2133,-0.7345583655800567,0.1454416344199433,-0.91
1974-06-01,-0.112407885,0.24749699227333338,-0.05,0.21354166666666666,-0.578607,0.20497000833333345,-0.01,0.2673,-0.7189256035973521,0.16107439640264787,-0.77
1974-07-01,-0.13156419,0.22834068727333337,-0.03,0.23354166666666668,-0.556385,0.22719200833333342,-0.063,0.2143,-0.699929475051075,0.18007052494892506,-0.53
1974-08-01,0.027360272,0.3872651492733334,0.1,0.36354166666666665,-0.475714,0.3078630083333334,0.124,0.4013,-0.6204427558292345,0.25955724417076553,-0.37
1974-09-01,-0.08715109,0.2727537872733334,-0.08,0.1835416666666667,-0.640673,0.1429040083333334,-0.048,0.2293,-0.7937095698930428,0.08629043010695725,-0.41
1974-10-01,-0.10778122,0.25212365727333336,-0.06,0.20354166666666668,-0.642585,0.14099200833333347,-0.06,0.2173,-0.8318372151387159,0.048162784861284114,-0.61
1974-11-01,-0.11919313,0.2407117472733334,-0.08,0.1835416666666667,-0.702938,0.08063900833333348,-0.104,0.1733,-0.7995268282981218,0.08047317170187818,-0.75
1974-12-01,-0.207086,0.15281887727333338,-0.08,0.1835416666666667,-0.705167,0.07841000833333345,-0.104,0.1733,-0.7630479342681404,0.11695206573185957,-0.64
1975-01-01,-0.09040021,0.2695046672733334,0.1,0.36354166666666665,-0.585351,0.19822600833333348,-0.003,0.2743,-0.6410429429669726,0.2389570570330274,-0.54
1975-02-01,-0.018196227,0.34170865027333336,0.08,0.34354166666666663,-0.561246,0.2223310083333334,0.067,0.3443,-0.6599286226550536,0.22007137734494642,-0.57
1975-03-01,-0.0054699783,0.35443489897333336,0.13,0.3935416666666666,-0.533423,0.25015400833333346,0.075,0.3523,-0.6109523663010528,0.26904763369894724,-0.65
1975-04-01,-0.045102794,0.31480208327333337,0.04,0.30354166666666665,-0.560813,0.22276400833333343,0.06,0.3373,-0.6404750743477567,0.23952492565224326,-0.73
1975-05-01,0.05714347,0.4170483472733334,0.16,0.42354166666666665,-0.46394,0.3196370083333334,0.138,0.4153,-0.6305692130576119,0.24943078694238807,-0.83
1975-06-01,-0.055779707,0.30412517027333336,-0.01,0.25354166666666667,-0.523238,0.26033900833333345,0.017,0.2943,-0.6948534565084223,0.18514654349157766,-0.98
1975-07-01,-0.10013226,0.25977261727333334,-0.01,0.25354166666666667,-0.561495,0.22208200833333347,-0.007,0.2703,-0.7290645565809619,0.15093544341903808,-1.13
1975-08-01,-0.22818181,0.13172306727333336,-0.17,0.09354166666666666,-0.708404,0.0751730083333334,-0.168,0.10929999999999998,-0.8378346732187119,0.04216532678128815,-1.2
1975-09-01,-0.13540527,0.22449960727333337,-0.02,0.24354166666666668,-0.596408,0.1871690083333334,-0.047,0.2303,-0.8397570656797946,0.040242934320205426,-1.37
1975-10-01,-0.14757259,0.21233228727333336,-0.11,0.15354166666666666,-0.760588,0.022989008333333394,-0.107,0.1703,-0.9275318495271101,-0.04753184952711009,-1.43
1975-11-01,-0.25718805,0.10271682727333337,-0.17,0.09354166666666666,-0.783185,0.00039200833333341567,-0.233,0.04429999999999998,-0.8750109385666409,0.004989061433359088,-1.55
1975-12-01,-0.24539836,0.11450651727333336,-0.17,0.09354166666666666,-0.721925,0.0616520083333334,-0.114,0.1633,-0.8232356623081749,0.056764337691825095,-1.65
1976-01-01,-0.16464537,0.19525950727333335,-0.03,0.23354166666666668,-0.641834,0.14174300833333342,-0.077,0.20029999999999998,-0.7320101926356948,0.14798980736430523,-1.56
1976-02-01,-0.2256837,0.13422117727333338,-0.06,0.20354166666666668,-0.719101,0.06447600833333345,-0.153,0.1243,-0.8972689232835425,-0.01726892328354246,-1.17
1976-03-01,-0.33242023,0.027484647273333385,-0.22,0.043541666666666666,-0.837948,-0.05437099166666659,-0.294,-0.016699999999999993,-1.0136047191772555,-0.13360471917725547,-0.73
1976-04-01,-0.17992486,0.17998001727333338,-0.07,0.19354166666666667,-0.649748,0.13382900833333344,-0.126,0.1513,-0.8221491078997989,0.05785089210020111,-0.47
1976-05-01,-0.35492992,0.004974957273333358,-0.2,0.06354166666666666,-0.754499,0.029078008333333405,-0.252,0.02529999999999999,-0.8771496169754585,0.0028503830245415473,-0.28
1976-06-01,-0.23106994,0.12883493727333337,-0.12,0.14354166666666668,-0.641061,0.14251600833333344,-0.101,0.17629999999999998,-0.7424684078232353,0.1375315921767647,-0.05
1976-07-01,-0.16832915,0.19157572727333336,-0.1,0.16354166666666667,-0.557891,0.2256860083333334,-0.028,0.2493,-0.6563260464732785,0.22367395352672148,0.18
1976-08-01,-0.23769006,0.12221481727333336,-0.12,0.14354166666666668,-0.644222,0.13935500833333347,-0.101,0.17629999999999998,-0.7532437453675733,0.12675625463242668,0.35
1976-09-01,-0.14836323,0.21154164727333336,-0.06,0.20354166666666668,-0.59015,0.19342700833333348,-0.021,0.2563,-0.6973736709763223,0.1826263290236777,0.62
1976-10-01,-0.32972777,0.030177107273333392,-0.24,0.023541666666666676,-0.832261,-0.04868399166666659,-0.205,0.0723,-1.0604615066049625,-0.18046150660496252,0.81
1976-11-01,-0.13153431,0.22837056727333338,-0.06,0.20354166666666668,-0.687283,0.09629400833333346,-0.061,0.2163,-0.8200467314839788,0.05995326851602123,0.86
1976-12-01,-0.025347166,0.3345577112733334,0.11,0.37354166666666666,-0.472406,0.31117100833333344,0.128,0.4053,-0.666706119262269,0.21329388073773103,0.85
1977-01-01,0.15539843,0.5153033072733334,0.19,0.4535416666666667,-0.406531,0.37704600833333346,0.24,0.5173,-0.5375570638544183,0.34244293614558174,0.71
1977-02-01,0.10886311,0.46876798727333335,0.23,0.49354166666666666,-0.469026,0.31455100833333344,0.197,0.4743,-0.5860669265628022,0.29393307343719777,0.64
1977-03-01,0.07974397,0.43964884727333337,0.24,0.5035416666666667,-0.460233,0.32334400833333343,0.154,0.4313,-0.5779312660050842,0.30206873399491585,0.34
1977-04-01,0.13561848,0.4955233572733334,0.26,0.5235416666666667,-0.386893,0.39668400833333345,0.227,0.5043,-0.5089864818093535,0.37101351819064654,0.23
1977-05-01,0.22808315,0.5879880272733333,0.33,0.5935416666666667,-0.304837,0.4787400083333334,0.309,0.5863,-0.414773997887977,0.46522600211202303,0.21
1977-06-01,0.21037017,0.5702750472733333,0.27,0.5335416666666667,-0.295931,0.48764600833333344,0.323,0.6003000000000001,-0.38781720727159197,0.49218279272840804,0.34
1977-07-01,0.14305487,0.5029597472733334,0.2,0.4635416666666667,-0.332317,0.45126000833333346,0.251,0.5283,-0.4394308909630773,0.4405691090369227,0.35
1977-08-01,0.13268618,0.49259105727333335,0.18,0.44354166666666667,-0.368565,0.41501200833333346,0.275,0.5523,-0.4668460333128941,0.4131539666871059,0.42
1977-09-01,-0.0005668915,0.35933798577333337,0.02,0.28354166666666664,-0.487411,0.29616600833333345,0.106,0.3833,-0.645339001304297,0.234660998695703,0.57
1977-10-01,-0.015031992,0.3448728852733334,0.03,0.29354166666666665,-0.520338,0.26323900833333347,0.128,0.4053,-0.7158565683711906,0.1641434316288094,0.73
1977-11-01,0.121903054,0.4818079312733334,0.16,0.42354166666666665,-0.401665,0.38191200833333344,0.193,0.4703,-0.48267907681545275,0.39732092318454726,0.81
1977-12-01,-0.03897608,0.32092879727333334,0.03,0.29354166666666665,-0.495765,0.2878120083333334,0.092,0.36929999999999996,-0.5416820603648738,0.33831793963512624,0.79
1978-01-01,0.03720004,0.39710491727333336,0.06,0.32354166666666667,-0.494657,0.2889200083333334,0.073,0.3503,-0.555605796807864,0.32439420319213597,0.69
1978-02-01,0.074672915,0.4345777922733334,0.1,0.36354166666666665,-0.491055,0.2925220083333334,0.137,0.4143,-0.5828517751584688,0.29714822484153125,0.42
1978-03-01,0.05966536,0.41957023727333337,0.19,0.4535416666666667,-0.456463,0.32711400833333343,0.126,0.4033,-0.5725277678449352,0.3074722321550648,0.06
1978-04-01,0.053127714,0.41303259127333336,0.17,0.43354166666666666,-0.490876,0.29270100833333346,0.134,0.4113,-0.5518227283483785,0.32817727165162147,-0.18
1978-05-01,0.014391424,0.37429630127333335,0.09,0.35354166666666664,-0.47374,0.30983700833333344,0.149,0.4263,-0.4921453905659803,0.3878546094340197,-0.31
1978-06-01,-0.0535179,0.30638697727333336,-0.01,0.25354166666666667,-0.539834,0.2437430083333334,0.037,0.31429999999999997,-0.6255629138098975,0.2544370861901025,-0.29
1978-07-01,0.015332872,0.37523774927333337,0.04,0.30354166666666665,-0.450225,0.33335200833333345,0.146,0.4233,-0.48914524630941614,0.39085475369058387,-0.36
1978-08-01,-0.21700384,0.14290103727333336,-0.14,0.12354166666666666,-0.649774,0.13380300833333347,-0.141,0.1363,-0.7221517449133934,0.1578482550866066,-0.42
1978-09-01,0.036743633,0.39664851027333337,0.06,0.32354166666666667,-0.453646,0.32993100833333344,0.106,0.3833,-0.684872694863703,0.19512730513629706,-0.42
1978-10-01,-0.05963638,0.3002684972733334,0.03,0.29354166666666665,-0.548024,0.23555300833333348,0.045,0.3223,-0.6958291954924896,0.18417080450751044,-0.29
1978-11-01,0.09374198,0.45364685727333337,0.13,0.3935416666666666,-0.420883,0.36269400833333343,0.145,0.4223,-0.5278439397282231,0.3521560602717769,-0.08
1978-12-01,0.011339459,0.37124433627333336,0.08,0.34354166666666663,-0.469109,0.31446800833333344,0.122,0.3993,-0.514852956741688,0.36514704325831204,0.0
1979-01-01,0.04814375,0.40804862727333335,0.08,0.34354166666666663,-0.446208,0.33736900833333344,0.119,0.3963,-0.421145590338309,0.458854409661691,0.03
1979-02-01,-0.1811599,0.17874497727333336,-0.1,0.16354166666666667,-0.682995,0.10058200833333342,-0.086,0.1913,-0.6876970346051454,0.19230296539485459,0.07
1979-03-01,0.063079506,0.4229843832733334,0.19,0.4535416666666667,-0.504045,0.27953200833333347,0.146,0.4233,-0.48712046669352915,0.39287953330647085,0.2
1979-04-01,0.07374967,0.43365454727333336,0.15,0.41354166666666664,-0.555869,0.2277080083333335,0.14,0.4173,-0.5090349455025436,0.3709650544974564,0.28
1979-05-01,-0.025755826,0.3341490512733334,0.03,0.29354166666666665,-0.465564,0.31801300833333346,0.082,0.3593,-0.44730936220074113,0.43269063779925887,0.23
1979-06-01,0.046210896,0.40611577327333337,0.14,0.40354166666666663,-0.402085,0.3814920083333334,0.122,0.3993,-0.4315602969697174,0.4484397030302826,0.05
1979-07-01,0.016295154,0.37620003127333335,0.04,0.30354166666666665,-0.46967,0.31390700833333346,0.062,0.3393,-0.4979315239235085,0.3820684760764915,0.04
1979-08-01,0.11369138,0.4735962572733334,0.17,0.43354166666666666,-0.400116,0.3834610083333334,0.168,0.44530000000000003,-0.40881417632465755,0.47118582367534245,0.17
1979-09-01,0.17075953,0.5306644072733333,0.25,0.5135416666666667,-0.334319,0.44925800833333346,0.253,0.5303,-0.37652556479166677,0.5034744352083332,0.33
1979-10-01,0.14282621,0.5027310872733334,0.26,0.5235416666666667,-0.346254,0.43732300833333343,0.286,0.5632999999999999,-0.3647868567335415,0.5152131432664585,0.45
1979-11-01,0.20505442,0.5649592972733334,0.28,0.5435416666666667,-0.331797,0.4517800083333334,0.262,0.5393,-0.3844429177645683,0.4955570822354317,0.52
1979-12-01,0.38435203,0.7442569072733334,0.47,0.7335416666666666,-0.097657,0.6859200083333334,0.51,0.7873,-0.1321782644424978,0.7478217355575022,0.64
1980-01-01,0.24861458,0.6085194572733333,0.3,0.5635416666666667,-0.271059,0.5125180083333334,0.359,0.6363,-0.29927375011186186,0.5807262498881381,0.59
1980-02-01,0.35473523,0.7146401072733334,0.39,0.6535416666666667,-0.213909,0.5696680083333334,0.428,0.7053,-0.24893224805486547,0.6310677519451345,0.46
1980-03-01,0.21000946,0.5699143372733334,0.29,0.5535416666666667,-0.336516,0.44706100833333345,0.334,0.6113,-0.2763610254853184,0.6036389745146816,0.34
1980-04-01,0.23045401,0.5903588872733334,0.29,0.5535416666666667,-0.320615,0.46296200833333345,0.399,0.6763,-0.18342556832623735,0.6965744316737627,0.38
1980-05-01,0.2424358,0.6023406772733334,0.35,0.6135416666666667,-0.222605,0.5609720083333334,0.391,0.6683,-0.09177919592374906,0.788220804076251,0.48
1980-06-01,0.1261058,0.48601067727333336,0.2,0.4635416666666667,-0.334448,0.4491290083333334,0.262,0.5393,-0.2531886287315892,0.6268113712684108,0.46
1980-07-01,0.20206909,0.5619739672733334,0.22,0.48354166666666665,-0.290406,0.49317100833333344,0.353,0.6303,-0.2090864577887679,0.6709135422112321,0.25
1980-08-01,0.16127785,0.5211827272733334,0.18,0.44354166666666667,-0.342541,0.44103600833333345,0.322,0.5992999999999999,-0.2850566033134818,0.5949433966865182,0.03
1980-09-01,0.12191452,0.48181939727333334,0.2,0.4635416666666667,-0.386008,0.3975690083333334,0.239,0.5163,-0.36785600458363277,0.5121439954163672,-0.07
1980-10-01,0.09061974,0.45052461727333337,0.13,0.3935416666666666,-0.429999,0.3535780083333334,0.183,0.4603,-0.45549823585544047,0.42450176414455953,0.02
1980-11-01,0.20343544,0.5633403172733333,0.29,0.5535416666666667,-0.347247,0.43633000833333346,0.264,0.5413,-0.4291540618558205,0.4508459381441795,0.11
1980-12-01,0.106597304,0.46650218127333337,0.21,0.47354166666666664,-0.360177,0.4234000083333334,0.21,0.48729999999999996,-0.4725295959254616,0.4074704040745384,-0.01
1981-01-01,0.44203696,0.8019418372733333,0.53,0.7935416666666667,-0.095304,0.6882730083333335,0.513,0.7903,-0.17282807678747858,0.7071719232125214,-0.26
1981-02-01,0.33655667,0.6964615472733333,0.42,0.6835416666666667,-0.239207,0.5443700083333334,0.387,0.6643,-0.24990781415334062,0.6300921858466594,-0.5
1981-03-01,0.32589453,0.6857994072733333,0.48,0.7435416666666667,-0.210973,0.5726040083333335,0.415,0.6922999999999999,-0.1634023142508063,0.7165976857491937,-0.47
1981-04-01,0.19346966,0.5533745372733334,0.32,0.5835416666666667,-0.312554,0.47102300833333344,0.294,0.5712999999999999,-0.21310834277107382,0.6668916572289262,-0.37
1981-05-01,0.14246961,0.5023744872733333,0.24,0.5035416666666667,-0.316313,0.4672640083333334,0.24,0.5173,-0.23087509418277818,0.6491249058172218,-0.26
1981-06-01,0.24046272,0.6003675972733333,0.29,0.5535416666666667,-0.297112,0.48646500833333345,0.37,0.6473,-0.24944255902867596,0.630557440971324,-0.29
1981-07-01,0.26606837,0.6259732472733334,0.32,0.5835416666666667,-0.305034,0.4785430083333334,0.362,0.6393,-0.24167429170602972,0.6383257082939703,-0.3
1981-08-01,0.30667168,0.6665765572733333,0.35,0.6135416666666667,-0.256515,0.5270620083333335,0.392,0.6693,-0.235822728115469,0.644177271884531,-0.25
1981-09-01,0.13682197,0.4967268472733334,0.14,0.40354166666666663,-0.401166,0.3824110083333334,0.249,0.5263,-0.33649395012581707,0.5435060498741829,-0.16
1981-10-01,0.05150354,0.4114084172733334,0.12,0.3835416666666666,-0.384512,0.3990650083333334,0.209,0.48629999999999995,-0.41956745217784075,0.46043254782215925,-0.13
1981-11-01,0.15922348,0.5191283572733334,0.23,0.49354166666666666,-0.365213,0.4183640083333334,0.225,0.5023,-0.4244859917791022,0.4555140082208978,-0.15
1981-12-01,0.36241972,0.7223245972733334,0.41,0.6735416666666667,-0.160285,0.6232920083333334,0.475,0.7523,-0.2342716308720263,0.6457283691279737,-0.08
1982-01-01,-0.0334629,0.32644197727333335,0.05,0.31354166666666666,-0.527416,0.25616100833333344,0.09,0.36729999999999996,-0.5764286509040595,0.3035713490959405,-0.05
1982-02-01,0.062530436,0.4224353132733334,0.15,0.41354166666666664,-0.473033,0.31054400833333345,0.128,0.4053,-0.48815529763674625,0.39184470236325375,0.07
1982-03-01,-0.14027035,0.21963452727333338,0.03,0.29354166666666665,-0.636213,0.1473640083333334,-0.059,0.2183,-0.6377789295009002,0.2422210704990998,0.19
1982-04-01,0.019516269,0.37942114627333334,0.15,0.41354166666666664,-0.490812,0.2927650083333334,0.054,0.3313,-0.538251536948275,0.341748463051725,0.47
1982-05-01,0.08710359,0.4470084672733334,0.18,0.44354166666666667,-0.410109,0.37346800833333343,0.171,0.44830000000000003,-0.37196036993853454,0.5080396300614655,0.66
1982-06-01,-0.003817752,0.35608712527333336,0.06,0.32354166666666667,-0.494043,0.2895340083333334,0.145,0.4223,-0.4206247453462133,0.4593752546537867,0.72
1982-07-01,0.073493905,0.4333987822733334,0.14,0.40354166666666663,-0.377671,0.40590600833333346,0.19,0.4673,-0.33879785918571415,0.5412021408142859,0.79
1982-08-01,-0.048078176,0.31182670127333334,0.03,0.29354166666666665,-0.497652,0.28592500833333345,0.085,0.3623,-0.454527925706774,0.425472074293226,1.07
1982-09-01,0.011959941,0.37186481827333334,0.14,0.40354166666666663,-0.441025,0.34255200833333344,0.157,0.4343,-0.46623480327325595,0.41376519672674406,1.58
1982-10-01,0.038742624,0.39864750127333337,0.13,0.3935416666666666,-0.459579,0.3239980083333334,0.185,0.4623,-0.519850768889409,0.36014923111059105,1.97
1982-11-01,0.027394824,0.38729970127333335,0.18,0.44354166666666667,-0.480591,0.30298600833333345,0.117,0.3943,-0.5209235810350723,0.3590764189649277,2.18
1982-12-01,0.27649266,0.6363975372733334,0.42,0.6835416666666667,-0.169541,0.6140360083333334,0.405,0.6823,-0.23314403808214124,0.6468559619178588,2.23
1983-01-01,0.35756493,0.7174698072733334,0.53,0.7935416666666667,-0.142214,0.6413630083333335,0.435,0.7122999999999999,-0.1505526930779375,0.7294473069220625,2.18
1983-02-01,0.33261734,0.6925222172733334,0.43,0.6935416666666667,-0.199883,0.5836940083333334,0.406,0.6833,-0.19317541523929016,0.6868245847607098,1.92
1983-03-01,0.24534746,0.6052523372733334,0.42,0.6835416666666667,-0.270935,0.5126420083333334,0.344,0.6213,-0.18835232256875045,0.6916476774312496,1.54
1983-04-01,0.17347585,0.5333807272733333,0.27,0.5335416666666667,-0.379901,0.40367600833333345,0.28,0.5573,-0.27718759152355155,0.6028124084764485,1.29
1983-05-01,0.21937236,0.5792772372733334,0.34,0.6035416666666668,-0.236421,0.5471560083333334,0.378,0.6553,-0.1332407797964663,0.7467592202035337,1.06
1983-06-01,0.16310692,0.5230117972733334,0.23,0.49354166666666666,-0.322683,0.46089400833333344,0.284,0.5612999999999999,-0.2654693131819208,0.6145306868180792,0.72
1983-07-01,0.11022931,0.47013418727333334,0.18,0.44354166666666667,-0.380366,0.40321100833333345,0.203,0.4803,-0.3165582702467269,0.5634417297532731,0.31
1983-08-01,0.28008944,0.6399943172733333,0.36,0.6235416666666667,-0.253895,0.5296820083333335,0.356,0.6333,-0.24913615860646487,0.6308638413935351,-0.08
1983-09-01,0.32302758,0.6829324572733333,0.37,0.6335416666666667,-0.221035,0.5625420083333335,0.398,0.6753,-0.19794825989389508,0.6820517401061049,-0.46
1983-10-01,0.111498654,0.47140353127333334,0.17,0.43354166666666666,-0.396365,0.3872120083333334,0.195,0.4723,-0.4755239442179793,0.4044760557820207,-0.81
1983-11-01,0.2417792,0.6016840772733334,0.3,0.5635416666666667,-0.278549,0.5050280083333334,0.287,0.5643,-0.3545124313110595,0.5254875686889405,-1.0
1983-12-01,0.09204366,0.4519485372733334,0.16,0.42354166666666665,-0.370126,0.4134510083333334,0.205,0.48229999999999995,-0.42403096955316855,0.45596903044683146,-0.91
1984-01-01,0.15208378,0.5119886572733334,0.31,0.5735416666666667,-0.336433,0.44714400833333345,0.234,0.5113,-0.4021533134155071,0.4778466865844929,-0.6
1984-02-01,0.02364745,0.3835523272733334,0.14,0.40354166666666663,-0.46524,0.31833700833333345,0.111,0.3883,-0.5577671147971106,0.3222328852028894,-0.42
1984-03-01,0.14437644,0.5042813172733334,0.26,0.5235416666666667,-0.398219,0.38535800833333345,0.242,0.5193,-0.3927324228760831,0.4872675771239169,-0.34
1984-04-01,0.009426299,0.3693311762733334,0.05,0.31354166666666666,-0.51413,0.26944700833333346,0.126,0.4033,-0.4696892868851652,0.4103107131148348,-0.43
1984-05-01,0.21241368,0.5723185572733334,0.33,0.5935416666666667,-0.248698,0.5348790083333335,0.349,0.6263,-0.21530817761416188,0.6646918223858381,-0.51
1984-06-01,-0.039236266,0.32066861127333335,0.02,0.28354166666666664,-0.486914,0.2966630083333334,0.076,0.3533,-0.5059983244977779,0.3740016755022221,-0.45
1984-07-01,0.021247564,0.38115244127333336,0.19,0.4535416666666667,-0.417297,0.36628000833333346,0.092,0.36929999999999996,-0.5325279985220241,0.34747200147797586,-0.3
1984-08-01,0.09115781,0.4510626872733334,0.19,0.4535416666666667,-0.400101,0.38347600833333345,0.195,0.4723,-0.43925031335260556,0.44074968664739445,-0.16
1984-09-01,0.12354227,0.4834471472733334,0.21,0.47354166666666664,-0.386084,0.39749300833333345,0.219,0.49629999999999996,-0.4860092041181936,0.3939907958818064,-0.24
1984-10-01,0.036477182,0.39638205927333336,0.13,0.3935416666666666,-0.471178,0.31239900833333345,0.149,0.4263,-0.5224898171993111,0.3575101828006889,-0.56
1984-11-01,-0.060670886,0.2992339912733334,0.06,0.32354166666666667,-0.557734,0.22584300833333348,0.019,0.2963,-0.6520561343247895,0.22794386567521052,-0.92
1984-12-01,-0.16201137,0.19789350727333338,-0.05,0.21354166666666666,-0.59179,0.1917870083333334,-0.037,0.24029999999999999,-0.6028712456564129,0.2771287543435871,-1.14
1985-01-01,0.1122303,0.4721351772733334,0.22,0.48354166666666665,-0.340924,0.44265300833333343,0.25,0.5273,-0.4223342337548921,0.4576657662451079,-1.04
1985-02-01,-0.1041846,0.25572027727333335,-0.04,0.22354166666666667,-0.612289,0.17128800833333346,-0.031,0.2463,-0.694132778039938,0.185867221960062,-0.85
1985-03-01,0.03811985,0.3980247272733334,0.17,0.43354166666666666,-0.461058,0.3225190083333334,0.128,0.4053,-0.5305396054538569,0.3494603945461431,-0.77
1985-04-01,-0.0010148857,0.35888999157333334,0.12,0.3835416666666666,-0.506333,0.2772440083333334,0.106,0.3833,-0.47257448356725185,0.40742551643274816,-0.78
1985-05-01,0.06207422,0.4219790972733334,0.14,0.40354166666666663,-0.400811,0.38276600833333346,0.158,0.4353,-0.4372125756711682,0.4427874243288318,-0.78
1985-06-01,0.118237734,0.47814261127333335,0.15,0.41354166666666664,-0.402558,0.3810190083333334,0.173,0.4503,-0.46592593554838047,0.41407406445161954,-0.63
1985-07-01,-0.026522132,0.3333827452733334,0.04,0.30354166666666665,-0.543671,0.23990600833333342,0.036,0.31329999999999997,-0.5354265133537375,0.34457348664626253,-0.49
1985-08-01,0.13856536,0.4984702372733334,0.17,0.43354166666666666,-0.422448,0.36112900833333345,0.191,0.4683,-0.3942284278804813,0.4857715721195187,-0.46
1985-09-01,0.11488212,0.4747869972733334,0.13,0.3935416666666666,-0.447173,0.33640400833333345,0.117,0.3943,-0.5204075015675365,0.35959249843246355,-0.4
1985-10-01,0.0347409,0.3946457772733334,0.11,0.37354166666666666,-0.481408,0.30216900833333343,0.16,0.4373,-0.6464812029845568,0.2335187970154432,-0.35
1985-11-01,0.012488222,0.37239309927333336,0.05,0.31354166666666666,-0.527781,0.2557960083333335,0.062,0.3393,-0.594125776745523,0.285874223254477,-0.27
1985-12-01,0.052241497,0.41214637427333334,0.14,0.40354166666666663,-0.418191,0.36538600833333346,0.183,0.4603,-0.5459967482297792,0.33400325177022083,-0.36
1986-01-01,0.11331257,0.47321744727333337,0.26,0.5235416666666667,-0.362395,0.4211820083333334,0.201,0.4783,-0.43167174696219135,0.44832825303780866,-0.49
1986-02-01,0.30300084,0.6629057172733334,0.37,0.6335416666666667,-0.252026,0.5315510083333335,0.393,0.6703,-0.37789210562925213,0.5021078943707479,-0.47
1986-03-01,0.13119218,0.49109705727333336,0.3,0.5635416666666667,-0.35185,0.43172700833333344,0.217,0.49429999999999996,-0.4130398690148418,0.4669601309851582,-0.31
1986-04-01,0.12678848,0.4866933572733334,0.22,0.48354166666666665,-0.382695,0.40088200833333343,0.366,0.6433,-0.3001944916447261,0.5798055083552739,-0.2
1986-05-01,0.13788854,0.49779341727333337,0.21,0.47354166666666664,-0.333126,0.45045100833333346,0.466,0.7433000000000001,-0.26892901714197137,0.6110709828580286,-0.12
1986-06-01,0.037347052,0.39725192927333336,0.12,0.3835416666666666,-0.407714,0.3758630083333334,0.13,0.4073,-0.4484132415972617,0.4315867584027383,-0.04
1986-07-01,0.038082104,0.3979869812733334,0.11,0.37354166666666666,-0.405061,0.37851600833333343,0.13,0.4073,-0.44825300258912293,0.4317469974108771,0.22
1986-08-01,0.08753751,0.44744238727333335,0.15,0.41354166666666664,-0.39716,0.3864170083333334,0.185,0.4623,-0.4371007232226738,0.4428992767773262,0.44
1986-09-01,0.020731853,0.3806367302733334,0.03,0.29354166666666665,-0.472581,0.31099600833333346,0.109,0.3863,-0.527782394884742,0.352217605115258,0.71
1986-10-01,0.049807582,0.4097124592733334,0.15,0.41354166666666664,-0.444705,0.3388720083333334,0.177,0.4543,-0.5945544202454691,0.2854455797545309,0.94
1986-11-01,0.036404632,0.39630950927333336,0.1,0.36354166666666665,-0.467745,0.3158320083333334,0.112,0.3893,-0.5013082873948296,0.3786917126051704,1.14
1986-12-01,0.025758738,0.38566361527333337,0.13,0.3935416666666666,-0.403246,0.38033100833333344,0.173,0.4503,-0.4472755538330624,0.4327244461669376,1.22
1987-01-01,0.2128771,0.5727819772733334,0.32,0.5835416666666667,-0.279452,0.5041250083333335,0.312,0.5892999999999999,-0.3321842117775837,0.5478157882224163,1.23
1987-02-01,0.3132464,0.6731512772733333,0.43,0.6935416666666667,-0.269759,0.5138180083333335,0.38,0.6573,-0.28901583502874395,0.590984164971256,1.19
1987-03-01,0.098497,0.45840187727333337,0.18,0.44354166666666667,-0.46587,0.31770700833333343,0.153,0.4303,-0.4813685876796576,0.3986314123203424,1.06
1987-04-01,0.1847574,0.5446622772733334,0.24,0.5035416666666667,-0.361079,0.42249800833333345,0.229,0.5063,-0.3335328383185985,0.5464671616814015,0.95
1987-05-01,0.16183253,0.5217374072733334,0.25,0.5135416666666667,-0.28963,0.49394700833333344,0.242,0.5193,-0.27297290952898834,0.6070270904710117,0.97
1987-06-01,0.2603819,0.6202867772733334,0.35,0.6135416666666667,-0.244746,0.5388310083333334,0.395,0.6723,-0.1913546492129221,0.6886453507870779,1.22
1987-07-01,0.34276047,0.7026653472733333,0.4,0.6635416666666667,-0.118247,0.6653300083333334,0.475,0.7523,-0.08948577573277916,0.7905142242672208,1.51
1987-08-01,0.20758079,0.5674856672733334,0.25,0.5135416666666667,-0.302017,0.48156000833333346,0.332,0.6093,-0.2708926944624217,0.6091073055375783,1.7
1987-09-01,0.25948873,0.6193936072733334,0.35,0.6135416666666667,-0.222478,0.5610990083333334,0.367,0.6443,-0.22492673022815168,0.6550732697718483,1.65
1987-10-01,0.267143,0.6270478772733334,0.33,0.5935416666666667,-0.287535,0.49604200833333345,0.32,0.5972999999999999,-0.34580169289939633,0.5341983071006037,1.48
1987-11-01,0.18341237,0.5433172472733334,0.29,0.5535416666666667,-0.367894,0.41568300833333344,0.227,0.5043,-0.37366234668419374,0.5063376533158063,1.25
1987-12-01,0.36644226,0.7263471372733334,0.46,0.7235416666666667,-0.164317,0.6192600083333335,0.483,0.7603,-0.1267299786090028,0.7532700213909972,1.11
1988-01-01,0.45299137,0.8128962472733334,0.57,0.8335416666666666,-0.102219,0.6813580083333335,0.499,0.7763,-0.13023483339793174,0.7497651666020683,0.81
1988-02-01,0.32688826,0.6867931372733334,0.44,0.7035416666666667,-0.199132,0.5844450083333335,0.372,0.6493,-0.3325473841767863,0.5474526158232137,0.54
1988-03-01,0.38051322,0.7404180972733334,0.51,0.7735416666666667,-0.174326,0.6092510083333335,0.42,0.6973,-0.19182635979025875,0.6881736402097413,0.14
1988-04-01,0.32160777,0.6815126472733334,0.42,0.6835416666666667,-0.210353,0.5732240083333334,0.436,0.7133,-0.1891555943295149,0.6908444056704851,-0.31
1988-05-01,0.31420523,0.6741101072733333,0.44,0.7035416666666667,-0.150922,0.6326550083333334,0.407,0.6842999999999999,-0.10345616617567543,0.7765438338243246,-0.88
1988-06-01,0.3294028,0.6893076772733333,0.4,0.6635416666666667,-0.163809,0.6197680083333335,0.431,0.7082999999999999,-0.1573278703716987,0.7226721296283013,-1.3
1988-07-01,0.25177196,0.6116768372733334,0.33,0.5935416666666667,-0.231775,0.5518020083333335,0.35,0.6273,-0.1970586420858318,0.6829413579141682,-1.3
1988-08-01,0.2540888,0.6139936772733334,0.39,0.6535416666666667,-0.204453,0.5791240083333334,0.425,0.7022999999999999,-0.16583920485152603,0.714160795148474,-1.11
1988-09-01,0.25307325,0.6129781272733335,0.37,0.6335416666666667,-0.246377,0.5372000083333335,0.389,0.6663,-0.18822842376072302,0.691771576239277,-1.19
1988-10-01,0.2517792,0.6116840772733334,0.37,0.6335416666666667,-0.279067,0.5045100083333334,0.358,0.6353,-0.3513371568795485,0.5286628431204515,-1.48
1988-11-01,0.023861293,0.3837661702733334,0.12,0.3835416666666666,-0.474735,0.3088420083333334,0.109,0.3863,-0.5697572510240665,0.3102427489759335,-1.8
1988-12-01,0.17115934,0.5310642172733333,0.29,0.5535416666666667,-0.32114,0.46243700833333345,0.281,0.5583,-0.3694248386447292,0.5105751613552708,-1.85
1989-01-01,-0.030971002,0.32893387527333334,0.12,0.3835416666666666,-0.522471,0.2611060083333334,0.026,0.3033,-0.5959045149731388,0.2840954850268612,-1.69
1989-02-01,0.23365676,0.5935616372733333,0.29,0.5535416666666667,-0.339047,0.44453000833333345,0.307,0.5843,-0.33735210251449566,0.5426478974855043,-1.43
1989-03-01,0.18142062,0.5413254972733333,0.36,0.6235416666666667,-0.364462,0.4191150083333334,0.257,0.5343,-0.357886731008211,0.522113268991789,-1.08
1989-04-01,0.144791,0.5046958772733334,0.29,0.5535416666666667,-0.366688,0.4168890083333334,0.278,0.5553,-0.31491728188285073,0.5650827181171493,-0.83
1989-05-01,0.03378454,0.3936894172733334,0.17,0.43354166666666666,-0.411467,0.3721100083333334,0.112,0.3893,-0.4071630878276835,0.4728369121723165,-0.58
1989-06-01,0.09265635,0.45256122727333337,0.15,0.41354166666666664,-0.396291,0.38728600833333343,0.181,0.4583,-0.40615874852560907,0.47384125147439093,-0.4
1989-07-01,0.25863385,0.6185387272733334,0.34,0.6035416666666668,-0.291782,0.49179500833333345,0.328,0.6053,-0.2376684411949519,0.6423315588050481,-0.31
1989-08-01,0.25041172,0.6103165972733333,0.33,0.5935416666666667,-0.294762,0.4888150083333334,0.317,0.5943,-0.3212759408274941,0.5587240591725059,-0.27
1989-09-01,0.29282442,0.6527292972733334,0.34,0.6035416666666668,-0.247016,0.5365610083333334,0.344,0.6213,-0.2835987165855052,0.5964012834144948,-0.24
1989-10-01,0.25445223,0.6143571072733334,0.29,0.5535416666666667,-0.306667,0.4769100083333334,0.336,0.6133,-0.3750109508391226,0.5049890491608774,-0.22
1989-11-01,0.10858728,0.4684921572733334,0.2,0.4635416666666667,-0.457434,0.32614300833333343,0.17,0.44730000000000003,-0.4899648850349312,0.3900351149650688,-0.16
1989-12-01,0.2785069,0.6384117772733333,0.37,0.6335416666666667,-0.196769,0.5868080083333335,0.419,0.6962999999999999,-0.2396665902600965,0.6403334097399035,-0.05
1990-01-01,0.280044,0.6399488772733334,0.41,0.6735416666666667,-0.24922,0.5343570083333334,0.388,0.6653,-0.22907270094981058,0.6509272990501894,0.14
1990-02-01,0.27336293,0.6332678072733333,0.44,0.7035416666666667,-0.268912,0.5146650083333335,0.376,0.6533,-0.27535530990541623,0.6046446900945838,0.21
1990-03-01,0.62843674,0.9883416172733335,0.8,1.0635416666666668,0.028472,0.8120490083333335,0.705,0.9823,0.07255391712912385,0.9525539171291239,0.28
1990-04-01,0.4895511,0.8494559772733334,0.56,0.8235416666666667,-0.065641,0.7179360083333335,0.591,0.8683,-0.05181934297888269,0.8281806570211173,0.29
1990-05-01,0.40073684,0.7606417172733333,0.45,0.7135416666666667,-0.112923,0.6706540083333334,0.515,0.7923,-0.01695398826976202,0.863046011730238,0.29
1990-06-01,0.31067768,0.6705825572733334,0.37,0.6335416666666667,-0.226709,0.5568680083333335,0.413,0.6902999999999999,-0.1841695553324989,0.6958304446675011,0.31
1990-07-01,0.37419075,0.7340956272733334,0.46,0.7235416666666667,-0.186734,0.5968430083333334,0.479,0.7563,-0.07735160798307206,0.802648392016928,0.33
1990-08-01,0.27436608,0.6342709572733334,0.34,0.6035416666666668,-0.262586,0.5209910083333334,0.355,0.6323,-0.16666965577866577,0.7133303442213342,0.38
1990-09-01,0.21335655,0.5732614272733334,0.23,0.49354166666666666,-0.292644,0.4909330083333334,0.31,0.5872999999999999,-0.23096697686024825,0.6490330231397518,0.39
1990-10-01,0.3798145,0.7397193772733334,0.44,0.7035416666666667,-0.212361,0.5712160083333334,0.468,0.7453000000000001,-0.15883650560267526,0.7211634943973247,0.35
1990-11-01,0.3525397,0.7124445772733334,0.46,0.7235416666666667,-0.233305,0.5502720083333335,0.425,0.7022999999999999,-0.12084935398277175,0.7591506460172283,0.4
1990-12-01,0.28344208,0.6433469572733334,0.4,0.6635416666666667,-0.199799,0.5837780083333335,0.426,0.7033,-0.14963511142749653,0.7303648885725035,0.41
1991-01-01,0.29658547,0.6564903472733334,0.42,0.6835416666666667,-0.211814,0.5717630083333334,0.405,0.6823,-0.16582963145873109,0.7141703685412689,0.41
1991-02-01,0.39968774,0.7595926172733334,0.5,0.7635416666666667,-0.16753,0.6160470083333334,0.497,0.7743,-0.1225286065027209,0.7574713934972791,0.26
1991-03-01,0.24082075,0.6007256272733333,0.35,0.6135416666666667,-0.307256,0.47632100833333346,0.338,0.6153,-0.2532899481819477,0.6267100518180523,0.22
1991-04-01,0.43238005,0.7922849272733334,0.51,0.7735416666666667,-0.124233,0.6593440083333334,0.533,0.8103,-0.1222211372995563,0.7577788627004437,0.26
1991-05-01,0.30784386,0.6677487372733334,0.34,0.6035416666666668,-0.172022,0.6115550083333334,0.424,0.7013,-0.17624873257088325,0.7037512674291168,0.45
1991-06-01,0.4286209,0.7885257772733334,0.53,0.7935416666666667,-0.059638,0.7239390083333335,0.561,0.8383,0.027534011014626714,0.9075340110146267,0.64
1991-07-01,0.4632974,0.8232022772733334,0.47,0.7335416666666666,-0.099241,0.6843360083333334,0.54,0.8173,-0.04782292845134961,0.8321770715486504,0.73
1991-08-01,0.3614778,0.7213826772733334,0.39,0.6535416666666667,-0.193823,0.5897540083333335,0.473,0.7503,-0.13953425371159156,0.7404657462884084,0.64
1991-09-01,0.34734884,0.7072537172733333,0.44,0.7035416666666667,-0.182737,0.6008400083333334,0.444,0.7213,-0.2020349361852034,0.6779650638147966,0.62
1991-10-01,0.24506222,0.6049670972733334,0.29,0.5535416666666667,-0.284478,0.4990990083333334,0.376,0.6533,-0.347731937965829,0.532268062034171,0.79
1991-11-01,0.24924882,0.6091536972733333,0.29,0.5535416666666667,-0.329061,0.45451600833333344,0.32,0.5972999999999999,-0.35900419111359305,0.520995808886407,1.21
1991-12-01,0.23334147,0.5932463472733334,0.32,0.5835416666666667,-0.318148,0.46542900833333345,0.371,0.6483,-0.3370177290637706,0.5429822709362294,1.53
1992-01-01,0.35674998,0.7166548572733333,0.47,0.7335416666666666,-0.167934,0.6156430083333334,0.477,0.7543,-0.2103746417293415,0.6696253582706585,1.71
1992-02-01,0.34311324,0.7030181172733334,0.4,0.6635416666666667,-0.215109,0.5684680083333334,0.421,0.6982999999999999,-0.25066487098461643,0.6293351290153836,1.63
1992-03-01,0.30520406,0.6651089372733334,0.48,0.7435416666666667,-0.204066,0.5795110083333335,0.438,0.7153,-0.24657189647753697,0.633428103522463,1.48
1992-04-01,0.15563804,0.5155429172733333,0.27,0.5335416666666667,-0.362217,0.4213600083333334,0.294,0.5712999999999999,-0.4201995552074269,0.4598004447925731,1.29
1992-05-01,0.16402274,0.5239276172733334,0.31,0.5735416666666667,-0.264355,0.5192220083333334,0.312,0.5892999999999999,-0.33845362014514535,0.5415463798548547,1.06
1992-06-01,0.15215196,0.5120568372733334,0.26,0.5235416666666667,-0.313329,0.4702480083333334,0.312,0.5892999999999999,-0.3229695160709234,0.5570304839290766,0.73
1992-07-01,0.0029708138,0.3628756910733334,0.09,0.35354166666666664,-0.450174,0.3334030083333334,0.161,0.4383,-0.46100929437124805,0.41899070562875196,0.37
1992-08-01,0.0349022,0.39480707727333336,0.08,0.34354166666666663,-0.473274,0.31030300833333346,0.15,0.4273,-0.48802201324395256,0.39197798675604745,0.09
1992-09-01,-0.09570904,0.2641958372733334,-0.01,0.25354166666666667,-0.567044,0.21653300833333344,0.018,0.2953,-0.6085817646827998,0.2714182353172002,-0.13
1992-10-01,-0.028791253,0.33111362427333335,0.07,0.3335416666666667,-0.537226,0.24635100833333345,0.098,0.37529999999999997,-0.6016232795767671,0.2783767204232329,-0.25
1992-11-01,-0.040257417,0.31964746027333335,0.03,0.29354166666666665,-0.551528,0.23204900833333342,0.019,0.2963,-0.6173334374324444,0.2626665625675556,-0.28
1992-12-01,0.090317644,0.4502225212733334,0.21,0.47354166666666664,-0.406887,0.37669000833333344,0.222,0.49929999999999997,-0.4632969845382853,0.41670301546171473,-0.13
1993-01-01,0.25701955,0.6169244272733334,0.34,0.6035416666666668,-0.272596,0.5109810083333335,0.372,0.6493,-0.30703265081723075,0.5729673491827693,0.09
1993-02-01,0.27421963,0.6341245072733334,0.37,0.6335416666666667,-0.258955,0.5246220083333335,0.409,0.6862999999999999,-0.3083214668728207,0.5716785331271793,0.3
1993-03-01,0.23302178,0.5929266572733334,0.36,0.6235416666666667,-0.314117,0.46946000833333346,0.336,0.6133,-0.3639343395548913,0.5160656604451087,0.5
1993-04-01,0.19141078,0.5513156572733333,0.28,0.5435416666666667,-0.335497,0.44808000833333345,0.307,0.5843,-0.3261584458861595,0.5538415541138405,0.67
1993-05-01,0.19120614,0.5511110172733333,0.28,0.5435416666666667,-0.305073,0.47850400833333345,0.308,0.5852999999999999,-0.2950736977916506,0.5849263022083494,0.7
1993-06-01,0.16080548,0.5207103572733334,0.22,0.48354166666666665,-0.307129,0.47644800833333345,0.329,0.6063000000000001,-0.3032629918874754,0.5767370081125246,0.57
1993-07-01,0.15566646,0.5155713372733334,0.25,0.5135416666666667,-0.343017,0.4405600083333334,0.289,0.5663,-0.3504185502231927,0.5295814497768073,0.32
1993-08-01,0.07832203,0.43822690727333335,0.11,0.37354166666666666,-0.405223,0.37835400833333344,0.224,0.5013,-0.38495583113143894,0.49504416886856106,0.25
1993-09-01,0.04075761,0.40066248727333337,0.11,0.37354166666666666,-0.422577,0.36100000833333346,0.181,0.4583,-0.5160706082973441,0.3639293917026559,0.15
1993-10-01,0.14755535,0.5074602272733334,0.23,0.49354166666666666,-0.35441,0.42916700833333343,0.285,0.5623,-0.42985413519199867,0.45014586480800134,0.1
1993-11-01,0.060361587,0.42026646427333336,0.03,0.29354166666666665,-0.521683,0.26189400833333343,0.117,0.3943,-0.5428769836207952,0.33712301637920483,0.04
1993-12-01,0.14274992,0.5026547972733334,0.18,0.44354166666666667,-0.378682,0.4048950083333334,0.224,0.5013,-0.35298617956297207,0.5270138204370279,0.06
1994-01-01,0.19215903,0.5520639072733333,0.26,0.5235416666666667,-0.369593,0.41398400833333343,0.252,0.5293,-0.3960567223718918,0.4839432776281082,0.06
1994-02-01,0.0023926098,0.36229748707333337,0.02,0.28354166666666664,-0.59499,0.18858700833333342,0.075,0.3523,-0.6361395804786927,0.24386041952130733,0.07
1994-03-01,0.2336412,0.5935460772733334,0.29,0.5535416666666667,-0.358868,0.4247090083333334,0.32,0.5972999999999999,-0.4183637839281751,0.4616362160718249,0.17
1994-04-01,0.24596804,0.6058729172733334,0.41,0.6735416666666667,-0.256335,0.5272420083333335,0.39,0.6673,-0.2807491028345286,0.5992508971654714,0.31
1994-05-01,0.19835669,0.5582615672733333,0.28,0.5435416666666667,-0.252131,0.5314460083333334,0.325,0.6023000000000001,-0.349169823538233,0.530830176461767,0.42
1994-06-01,0.31199977,0.6719046472733334,0.43,0.6935416666666667,-0.193216,0.5903610083333335,0.451,0.7283,-0.25395054307385223,0.6260494569261478,0.41
1994-07-01,0.17738077,0.5372856472733334,0.3,0.5635416666666667,-0.267945,0.5156320083333334,0.33,0.6073,-0.27448726818806435,0.6055127318119357,0.44
1994-08-01,0.1678766,0.5277814772733334,0.21,0.47354166666666664,-0.328356,0.45522100833333345,0.251,0.5283,-0.38487413200613574,0.49512586799386427,0.43
1994-09-01,0.2650747,0.6249795772733333,0.31,0.5735416666666667,-0.250653,0.5329240083333334,0.385,0.6623,-0.23842864383111717,0.6415713561688828,0.55
1994-10-01,0.34181175,0.7017166272733334,0.42,0.6835416666666667,-0.183572,0.6000050083333335,0.485,0.7623,-0.2918496752349249,0.5881503247650751,0.74
1994-11-01,0.3497045,0.7096093772733334,0.44,0.7035416666666667,-0.201525,0.5820520083333334,0.43,0.7073,-0.24948598373722497,0.630514016262775,1.01
1994-12-01,0.24291748,0.6028223572733333,0.38,0.6435416666666667,-0.242646,0.5409310083333334,0.377,0.6543,-0.2714550811514549,0.6085449188485451,1.09
1995-01-01,0.4110714,0.7709762772733333,0.52,0.7835416666666667,-0.110445,0.6731320083333334,0.516,0.7933,-0.12881047262584033,0.7511895273741597,0.96
1995-02-01,0.6331949,0.9930997772733334,0.79,1.0535416666666668,0.078309,0.8618860083333334,0.759,1.0363,0.064631768706084,0.944631768706084,0.72
1995-03-01,0.35091624,0.7108211172733334,0.46,0.7235416666666667,-0.188326,0.5952510083333334,0.47,0.7473,-0.23592827659048865,0.6440717234095114,0.53
1995-04-01,0.4159058,0.7758106772733333,0.46,0.7235416666666667,-0.158257,0.6253200083333335,0.522,0.7993,-0.11893065278246162,0.7610693472175384,0.3
1995-05-01,0.2585347,0.6184395772733333,0.27,0.5335416666666667,-0.255623,0.5279540083333334,0.353,0.6303,-0.2347479435009916,0.6452520564990084,0.14
1995-06-01,0.37477672,0.7346815972733334,0.43,0.6935416666666667,-0.125381,0.6581960083333335,0.555,0.8323,-0.08637076540763289,0.7936292345923671,-0.03
1995-07-01,0.43741086,0.7973157372733334,0.45,0.7135416666666667,-0.070219,0.7133580083333334,0.579,0.8563,-0.10466969437322504,0.775330305626775,-0.24
1995-08-01,0.3867608,0.7466656772733333,0.45,0.7135416666666667,-0.087853,0.6957240083333335,0.553,0.8303,-0.10654132418523332,0.7734586758147667,-0.54
1995-09-01,0.2746217,0.6345265772733334,0.33,0.5935416666666667,-0.208884,0.5746930083333335,0.395,0.6723,-0.200649408896016,0.679350591103984,-0.81
1995-10-01,0.3762129,0.7361177772733334,0.46,0.7235416666666667,-0.184517,0.5990600083333335,0.546,0.8233,-0.19509006097184667,0.6849099390281533,-0.97
1995-11-01,0.3672026,0.7271074772733334,0.44,0.7035416666666667,-0.178024,0.6055530083333335,0.477,0.7543,-0.22432753436791053,0.6556724656320895,-1.0
1995-12-01,0.16698353,0.5268884072733333,0.26,0.5235416666666667,-0.310629,0.47294800833333345,0.328,0.6053,-0.3411841370624096,0.5388158629375904,-0.98
1996-01-01,0.20947163,0.5693765072733333,0.24,0.5035416666666667,-0.341439,0.44213800833333344,0.314,0.5912999999999999,-0.3592150945920558,0.5207849054079442,-0.9
1996-02-01,0.45390844,0.8138133172733334,0.46,0.7235416666666667,-0.162694,0.6208830083333334,0.563,0.8402999999999999,-0.22273653435564178,0.6572634656443582,-0.75
1996-03-01,0.27732104,0.6372259172733334,0.32,0.5835416666666667,-0.287921,0.49565600833333345,0.407,0.6842999999999999,-0.31037737566687795,0.569622624333122,-0.59
1996-04-01,0.24258737,0.6024922472733334,0.33,0.5935416666666667,-0.297759,0.48581800833333344,0.389,0.6663,-0.3450415448639266,0.5349584551360734,-0.39
1996-05-01,0.23362954,0.5935344172733333,0.27,0.5335416666666667,-0.253287,0.5302900083333335,0.299,0.5763,-0.3672727519287662,0.5127272480712338,-0.31
1996-06-01,0.21319726,0.5731021372733334,0.26,0.5235416666666667,-0.30571,0.47786700833333345,0.296,0.5732999999999999,-0.31611673948075847,0.5638832605192415,-0.3
1996-07-01,0.32244933,0.6823542072733333,0.36,0.6235416666666667,-0.192678,0.5908990083333334,0.412,0.6893,-0.20700266183251514,0.6729973381674849,-0.27
1996-08-01,0.35113847,0.7110433472733333,0.48,0.7435416666666667,-0.163939,0.6196380083333335,0.535,0.8123,-0.11209930313430405,0.767900696865696,-0.32
1996-09-01,0.2008028,0.5607076772733334,0.25,0.5135416666666667,-0.318998,0.46457900833333343,0.292,0.5692999999999999,-0.32696971701578903,0.553030282984211,-0.35
1996-10-01,0.12212212,0.48202699727333337,0.22,0.48354166666666665,-0.398324,0.3852530083333334,0.243,0.5203,-0.4398179889158307,0.4401820110841693,-0.4
1996-11-01,0.30815268,0.6680575572733334,0.41,0.6735416666666667,-0.225814,0.5577630083333335,0.431,0.7082999999999999,-0.2202317892218506,0.6597682107781494,-0.45
1996-12-01,0.31529328,0.6751981572733334,0.37,0.6335416666666667,-0.239505,0.5440720083333335,0.452,0.7293000000000001,-0.24551782525375287,0.6344821747462471,-0.49
1997-01-01,0.24198909,0.6018939672733333,0.32,0.5835416666666667,-0.357689,0.42588800833333346,0.327,0.6043000000000001,-0.36852127774210075,0.5114787222578993,-0.5
1997-02-01,0.28807417,0.6479790472733333,0.4,0.6635416666666667,-0.300816,0.48276100833333346,0.395,0.6723,-0.3146274862125953,0.5653725137874047,-0.36
1997-03-01,0.38716474,0.7470696172733333,0.52,0.7835416666666667,-0.161271,0.6223060083333334,0.536,0.8133,-0.17033054526656954,0.7096694547334305,-0.1
1997-04-01,0.36691627,0.7268211472733334,0.33,0.5935416666666667,-0.237422,0.5461550083333334,0.432,0.7093,-0.3280921471702474,0.5519078528297526,0.28
1997-05-01,0.3102904,0.6701952772733334,0.34,0.6035416666666668,-0.196811,0.5867660083333335,0.405,0.6823,-0.25217392095410673,0.6278260790458933,0.75
1997-06-01,0.48624817,0.8461530472733334,0.54,0.8035416666666667,-0.018063,0.7655140083333334,0.616,0.8933,-0.08047121670879775,0.7995287832912022,1.22
1997-07-01,0.3426114,0.7025162772733333,0.34,0.6035416666666668,-0.170079,0.6134980083333335,0.428,0.7053,-0.17319039186264362,0.7068096081373564,1.6
1997-08-01,0.403565,0.7634698772733334,0.41,0.6735416666666667,-0.12721,0.6563670083333335,0.472,0.7493,-0.13468288304631315,0.7453171169536869,1.9
1997-09-01,0.46278346,0.8226883372733333,0.52,0.7835416666666667,-0.008277,0.7753000083333335,0.565,0.8422999999999999,-0.06481628712753107,0.8151837128724689,2.14
1997-10-01,0.5664462,0.9263510772733334,0.61,0.8735416666666667,0.018615,0.8021920083333335,0.708,0.9853,-0.05383270785439365,0.8261672921456064,2.33
1997-11-01,0.6074866,0.9673914772733334,0.64,0.9035416666666667,0.005502,0.7890790083333334,0.708,0.9853,-0.018174572023633928,0.8618254279763661,2.4
1997-12-01,0.5172805,0.8771853772733333,0.59,0.8535416666666666,-0.037891,0.7456860083333334,0.657,0.9343,-0.04794528013891508,0.8320547198610849,2.39
1998-01-01,0.55728173,0.9171866072733335,0.58,0.8435416666666666,-0.04236,0.7412170083333335,0.607,0.8843,-0.048277756699913965,0.831722243300086,2.24
1998-02-01,0.7910442,1.1509490772733333,0.88,1.1435416666666667,0.14538,0.9289570083333334,0.851,1.1282999999999999,0.15419464605145627,1.0341946460514562,1.93
1998-03-01,0.5804441,0.9403489772733333,0.63,0.8935416666666667,-0.06062,0.7229570083333334,0.638,0.9153,-0.034808483477849705,0.8451915165221503,1.44
1998-04-01,0.6424939,1.0023987772733334,0.63,0.8935416666666667,0.077147,0.8607240083333334,0.751,1.0283,0.12034831030974225,1.0003483103097421,0.99
1998-05-01,0.6316857,0.9915905772733333,0.68,0.9435416666666667,0.084213,0.8677900083333334,0.75,1.0272999999999999,0.17813237842526064,1.0581323784252605,0.45
1998-06-01,0.66268194,1.0225868172733334,0.77,1.0335416666666666,0.107361,0.8909380083333335,0.795,1.0723,0.1825554290998248,1.0625554290998247,-0.13
1998-07-01,0.655401,1.0153058772733334,0.66,0.9235416666666667,0.109179,0.8927560083333335,0.77,1.0473,0.1205107590731167,1.0005107590731166,-0.78
1998-08-01,0.6472106,1.0071154772733333,0.65,0.9135416666666667,0.113993,0.8975700083333334,0.778,1.0553,0.14186832059112575,1.0218683205911256,-1.12
1998-09-01,0.4298964,0.7898012772733334,0.42,0.6835416666666667,-0.116851,0.6667260083333334,0.491,0.7683,-0.05276429575325281,0.8272357042467472,-1.31
1998-10-01,0.4102187,0.7701235772733334,0.42,0.6835416666666667,-0.187373,0.5962040083333334,0.478,0.7553,-0.17828454494214085,0.7017154550578591,-1.35
1998-11-01,0.3752962,0.7352010772733334,0.43,0.6935416666666667,-0.192027,0.5915500083333334,0.463,0.7403,-0.23998057746958956,0.6400194225304104,-1.48
1998-12-01,0.47987705,0.8397819272733333,0.54,0.8035416666666667,-0.035196,0.7483810083333334,0.616,0.8933,-0.08682964584576425,0.7931703541542358,-1.57
1999-01-01,0.3816996,0.7416044772733335,0.48,0.7435416666666667,-0.198393,0.5851840083333334,0.467,0.7443,-0.22678639552071544,0.6532136044792846,-1.55
1999-02-01,0.59453607,0.9544409472733333,0.64,0.9035416666666667,-0.004671,0.7789060083333335,0.673,0.9503,-0.047713462699045195,0.8322865373009548,-1.3
1999-03-01,0.25009823,0.6100031072733334,0.32,0.5835416666666667,-0.316821,0.4667560083333334,0.345,0.6223,-0.39050423308380644,0.48949576691619356,-1.07
1999-04-01,0.26248398,0.6223888572733334,0.32,0.5835416666666667,-0.280767,0.5028100083333334,0.37,0.6473,-0.3034706298655525,0.5765293701344475,-0.98
1999-05-01,0.24096714,0.6008720172733334,0.26,0.5235416666666667,-0.280078,0.5034990083333335,0.321,0.5983,-0.2970876984928452,0.5829123015071548,-1.02
1999-06-01,0.3194032,0.6793080772733333,0.36,0.6235416666666667,-0.192215,0.5913620083333334,0.443,0.7202999999999999,-0.23180051668019175,0.6481994833198083,-1.04
1999-07-01,0.30677584,0.6666807172733333,0.38,0.6435416666666667,-0.20004,0.5835370083333334,0.404,0.6813,-0.2021431934907092,0.6778568065092908,-1.1
1999-08-01,0.2986491,0.6585539772733333,0.31,0.5735416666666667,-0.217981,0.5655960083333335,0.384,0.6613,-0.23753108326161865,0.6424689167383814,-1.11
1999-09-01,0.27118403,0.6310889072733334,0.39,0.6535416666666667,-0.167192,0.6163850083333334,0.437,0.7142999999999999,-0.20031376461769312,0.6796862353823069,-1.16
1999-10-01,0.30264258,0.6625474572733334,0.34,0.6035416666666668,-0.262193,0.5213840083333334,0.426,0.7033,-0.30158102726637637,0.5784189727336236,-1.26
1999-11-01,0.27889413,0.6387990072733334,0.37,0.6335416666666667,-0.231873,0.5517040083333334,0.391,0.6683,-0.30332119391001733,0.5766788060899827,-1.46
1999-12-01,0.30911982,0.6690246972733334,0.4,0.6635416666666667,-0.15898,0.6245970083333334,0.462,0.7393000000000001,-0.22414648259248438,0.6558535174075156,-1.65
2000-01-01,0.1730085,0.5329133772733334,0.25,0.5135416666666667,-0.317185,0.46639200833333344,0.283,0.5603,-0.3886115269157209,0.49138847308427913,-1.66
2000-02-01,0.48922408,0.8491289572733334,0.55,0.8135416666666667,-0.110383,0.6731940083333334,0.549,0.8263,-0.13634741294964137,0.7436525870503586,-1.41
2000-03-01,0.43716556,0.7970704372733334,0.55,0.8135416666666667,-0.159242,0.6243350083333334,0.513,0.7903,-0.21825450520067946,0.6617454947993205,-1.07
2000-04-01,0.52741283,0.8873177072733334,0.56,0.8235416666666667,-0.049421,0.7341560083333334,0.578,0.8553,-0.08314559248719355,0.7968544075128065,-0.81
2000-05-01,0.29871225,0.6586171272733334,0.35,0.6135416666666667,-0.222146,0.5614310083333334,0.355,0.6323,-0.2215868267137182,0.6584131732862818,-0.71
2000-06-01,0.34490946,0.7048143372733333,0.4,0.6635416666666667,-0.18442,0.5991570083333334,0.428,0.7053,-0.24458595772493297,0.635414042275067,-0.64
2000-07-01,0.3254312,0.6853360772733333,0.39,0.6535416666666667,-0.174587,0.6089900083333335,0.396,0.6733,-0.23870037831403224,0.6412996216859678,-0.55
2000-08-01,0.37409568,0.7340005572733334,0.42,0.6835416666666667,-0.156565,0.6270120083333335,0.478,0.7553,-0.17497330829985813,0.7050266917001419,-0.51
2000-09-01,0.30793494,0.6678398172733333,0.39,0.6535416666666667,-0.158346,0.6252310083333334,0.46,0.7373000000000001,-0.23918994696605367,0.6408100530339463,-0.55
2000-10-01,0.19011797,0.5500228472733334,0.27,0.5335416666666667,-0.318512,0.4650650083333334,0.328,0.6053,-0.39535691993132716,0.48464308006867285,-0.63
2000-11-01,0.24096185,0.6008667272733333,0.3,0.5635416666666667,-0.311513,0.47206400833333345,0.346,0.6233,-0.3467040472771945,0.5332959527228055,-0.75
2000-12-01,0.19713148,0.5570363572733333,0.28,0.5435416666666667,-0.32087,0.46270700833333345,0.326,0.6033,-0.3426515347139478,0.5373484652860522,-0.74
2001-01-01,0.3569443,0.7168491772733334,0.45,0.7135416666666667,-0.182225,0.6013520083333335,0.471,0.7483,-0.2298459318494075,0.6501540681505925,-0.68
2001-02-01,0.38460863,0.7445135072733333,0.44,0.7035416666666667,-0.221027,0.5625500083333335,0.452,0.7293000000000001,-0.2826771927460019,0.5973228072539981,-0.52
2001-03-01,0.5119669,0.8718717772733333,0.55,0.8135416666666667,-0.132719,0.6508580083333334,0.567,0.8442999999999999,-0.15869749577185033,0.7213025042281497,-0.44
2001-04-01,0.44388664,0.8037915172733334,0.5,0.7635416666666667,-0.122578,0.6609990083333335,0.558,0.8353,-0.15391839499363336,0.7260816050063666,-0.34
2001-05-01,0.4828485,0.8427533772733333,0.57,0.8335416666666666,-0.03699,0.7465870083333335,0.571,0.8482999999999999,-0.04674281509144862,0.8332571849085514,-0.25
2001-06-01,0.44262147,0.8025263472733334,0.52,0.7835416666666667,-0.059501,0.7240760083333334,0.564,0.8412999999999999,-0.11092700784875476,0.7690729921512452,-0.12
2001-07-01,0.50700694,0.8669118172733334,0.59,0.8535416666666666,0.004679,0.7882560083333334,0.601,0.8783,-0.021627338695449083,0.8583726613045509,-0.08
2001-08-01,0.49940884,0.8593137172733334,0.48,0.7435416666666667,-0.071474,0.7121030083333334,0.558,0.8353,-0.05151527133421396,0.828484728665786,-0.13
2001-09-01,0.4892433,0.8491481772733334,0.51,0.7735416666666667,-0.062948,0.7206290083333334,0.56,0.8373,-0.07817881853690167,0.8018211814630983,-0.19
2001-10-01,0.46119478,0.8210996572733333,0.5,0.7635416666666667,-0.13723,0.6463470083333335,0.56,0.8373,-0.10623944459446122,0.7737605554055388,-0.29
2001-11-01,0.6860655,1.0459703772733333,0.72,0.9835416666666666,0.054457,0.8380340083333334,0.719,0.9963,0.09950208817222084,0.9795020881722208,-0.35
2001-12-01,0.53560954,0.8955144172733334,0.55,0.8135416666666667,-0.018237,0.7653400083333335,0.651,0.9283,0.02945074736541997,0.90945074736542,-0.31
2002-01-01,0.64008385,0.9999887272733334,0.77,1.0335416666666666,0.058417,0.8419940083333335,0.724,1.0013,0.09550228992452858,0.9755022899245286,-0.15
2002-02-01,0.6341328,0.9940376772733335,0.78,1.0435416666666668,0.005851,0.7894280083333335,0.68,0.9573,-0.008101079119962051,0.871898920880038,0.03
2002-03-01,0.78657645,1.1464813272733334,0.88,1.1435416666666667,0.143354,0.9269310083333334,0.877,1.1543,0.19099813354828754,1.0709981335482874,0.09
2002-04-01,0.55723935,0.9171442272733334,0.58,0.8435416666666666,-0.108988,0.6745890083333335,0.621,0.8983,-0.06329034554476642,0.8167096544552336,0.2
2002-05-01,0.49717405,0.8570789272733333,0.64,0.9035416666666667,0.023791,0.8073680083333334,0.67,0.9473,0.07943456216960953,0.9594345621696095,0.43
2002-06-01,0.44335693,0.8032618072733333,0.53,0.7935416666666667,-0.04169,0.7418870083333334,0.623,0.9003,0.023240011570369035,0.903240011570369,0.65
2002-07-01,0.5668847,0.9267895772733334,0.61,0.8735416666666667,0.037183,0.8207600083333334,0.655,0.9323,0.032615593977713075,0.9126155939777131,0.79
2002-08-01,0.4958394,0.8557442772733334,0.53,0.7935416666666667,-0.047386,0.7361910083333334,0.577,0.8543,-0.046256479475747625,0.8337435205242524,0.86
2002-09-01,0.49875727,0.8586621472733333,0.64,0.9035416666666667,-0.040014,0.7435630083333334,0.653,0.9303,0.005285896221163711,0.8852858962211637,1.01
2002-10-01,0.49666405,0.8565689272733334,0.54,0.8035416666666667,-0.050373,0.7332040083333334,0.624,0.9013,-0.08154422449167598,0.798455775508324,1.21
2002-11-01,0.48778853,0.8476934072733333,0.59,0.8535416666666666,-0.056188,0.7273890083333334,0.601,0.8783,-0.05410649492918118,0.8258935050708188,1.31
2002-12-01,0.34140956,0.7013144372733333,0.44,0.7035416666666667,-0.118892,0.6646850083333334,0.555,0.8323,-0.12302381089389414,0.7569761891061059,1.14
2003-01-01,0.6511286,1.0110334772733334,0.74,1.0035416666666666,0.061874,0.8454510083333334,0.758,1.0352999999999999,0.10626670015898654,0.9862667001589865,0.92
2003-02-01,0.48069787,0.8406027472733334,0.58,0.8435416666666666,-0.051288,0.7322890083333334,0.578,0.8553,-0.08817189454605945,0.7918281054539406,0.63
2003-03-01,0.4737792,0.8336840772733334,0.6,0.8635416666666667,-0.109267,0.6743100083333334,0.554,0.8313,-0.16531993813454804,0.714680061865452,0.38
2003-04-01,0.46474713,0.8246520072733334,0.55,0.8135416666666667,-0.073071,0.7105060083333334,0.568,0.8452999999999999,-0.12036441491988548,0.7596355850801145,-0.04
2003-05-01,0.5141707,0.8740755772733333,0.6,0.8635416666666667,-0.022013,0.7615640083333335,0.61,0.8873,-0.013299820540140672,0.8667001794598593,-0.26
2003-06-01,0.41962895,0.7795338272733334,0.48,0.7435416666666667,-0.115251,0.6683260083333334,0.497,0.7743,-0.1388016405008834,0.7411983594991166,-0.16
2003-07-01,0.48138723,0.8412921072733334,0.58,0.8435416666666666,-0.031298,0.7522790083333334,0.572,0.8492999999999999,-0.04863927520079514,0.8313607247992049,0.08
2003-08-01,0.61090505,0.9708099272733333,0.64,0.9035416666666667,0.025371,0.8089480083333335,0.688,0.9652999999999999,0.04551294094232716,0.9255129409423272,0.21
2003-09-01,0.5693167,0.9292215772733334,0.62,0.8835416666666667,0.043594,0.8271710083333335,0.714,0.9913,0.07373661990517277,0.9537366199051728,0.26
2003-10-01,0.65289444,1.0127993172733334,0.72,0.9835416666666666,0.10827,0.8918470083333334,0.793,1.0703,0.10365462253746571,0.9836546225374657,0.29
2003-11-01,0.48996416,0.8498690372733333,0.53,0.7935416666666667,-0.066417,0.7171600083333334,0.577,0.8543,-0.03789067975295701,0.842109320247043,0.35
2003-12-01,0.6507338,1.0106386772733333,0.75,1.0135416666666666,0.114322,0.8978990083333335,0.785,1.0623,0.17765361042123473,1.0576536104212346,0.35
2004-01-01,0.50079334,0.8606982172733333,0.58,0.8435416666666666,-0.022161,0.7614160083333334,0.614,0.8913,-0.04088795552626934,0.8391120444737307,0.37
2004-02-01,0.62853736,0.9884422372733335,0.72,0.9835416666666666,0.030007,0.8135840083333334,0.72,0.9973,0.026254697979771535,0.9062546979797715,0.31
2004-03-01,0.5184426,0.8783474772733333,0.63,0.8935416666666667,-0.027199,0.7563780083333335,0.617,0.8943,-0.012022342613210668,0.8679776573867893,0.23
2004-04-01,0.51552314,0.8754280172733333,0.61,0.8735416666666667,-0.049648,0.7339290083333334,0.637,0.9143,-0.014664380290122736,0.8653356197098773,0.17
2004-05-01,0.3473411,0.7072459772733334,0.37,0.6335416666666667,-0.20212,0.5814570083333335,0.383,0.6603,-0.21088431703773836,0.6691156829622616,0.17
2004-06-01,0.30848694,0.6683918172733334,0.44,0.7035416666666667,-0.174603,0.6089740083333335,0.471,0.7483,-0.09330194929456681,0.7866980507054332,0.28
2004-07-01,0.2363415,0.5962463772733334,0.26,0.5235416666666667,-0.226993,0.5565840083333334,0.341,0.6183000000000001,-0.2768058101793791,0.6031941898206209,0.47
2004-08-01,0.4592412,0.8191460772733334,0.45,0.7135416666666667,-0.112801,0.6707760083333334,0.493,0.7703,-0.16180367411522312,0.7181963258847769,0.64
2004-09-01,0.46063465,0.8205395272733333,0.5,0.7635416666666667,-0.073252,0.7103250083333335,0.579,0.8563,-0.03989939093093042,0.8401006090690696,0.7
2004-10-01,0.517362,0.8772668772733334,0.61,0.8735416666666667,-0.005291,0.7782860083333334,0.666,0.9433,0.005764231436547362,0.8857642314365474,0.67
2004-11-01,0.64621204,1.0061169172733333,0.73,0.9935416666666667,0.063987,0.8475640083333335,0.71,0.9873,0.07158243765085182,0.9515824376508518,0.66
2004-12-01,0.41018593,0.7700908072733333,0.5,0.7635416666666667,-0.083735,0.6998420083333334,0.535,0.8123,-0.09503953787341501,0.784960462126585,0.69
2005-01-01,0.642608,1.0025128772733334,0.75,1.0135416666666666,0.143809,0.9273860083333334,0.761,1.0383,0.14843106560755714,1.028431065607557,0.64
2005-02-01,0.5272139,0.8871187772733333,0.6,0.8635416666666667,-0.03344,0.7501370083333334,0.669,0.9463,0.0059026042379226595,0.8859026042379227,0.58
2005-03-01,0.63975716,0.9996620372733334,0.74,1.0035416666666666,0.053046,0.8366230083333335,0.756,1.0333,0.08761732689121615,0.9676173268912162,0.45
2005-04-01,0.6256123,0.9855171772733333,0.67,0.9335416666666667,0.034036,0.8176130083333334,0.72,0.9973,0.06973729930854766,0.9497372993085477,0.43
2005-05-01,0.54950297,0.9094078472733333,0.63,0.8935416666666667,0.034102,0.8176790083333334,0.667,0.9443,0.06955638915192708,0.9495563891519271,0.29
2005-06-01,0.5670723,0.9269771772733333,0.65,0.9135416666666667,0.052862,0.8364390083333334,0.722,0.9993,0.07615860452752443,0.9561586045275244,0.11
2005-07-01,0.55311126,0.9130161372733334,0.61,0.8735416666666667,0.017379,0.8009560083333335,0.686,0.9633,0.08421655892556501,0.964216558925565,-0.06
2005-08-01,0.58182484,0.9417297172733334,0.6,0.8635416666666667,-0.017625,0.7659520083333334,0.677,0.9543,0.029087053822930642,0.9090870538229306,-0.14
2005-09-01,0.6307081,0.9906129772733334,0.72,0.9835416666666666,0.075637,0.8592140083333334,0.74,1.0173,0.12946350790219796,1.0094635079021979,-0.11
2005-10-01,0.6800288,1.0399336772733334,0.76,1.0235416666666666,0.10098,0.8845570083333334,0.843,1.1202999999999999,0.17169016277084737,1.0516901627708473,-0.29
2005-11-01,0.63569015,0.9955950272733334,0.74,1.0035416666666666,0.119306,0.9028830083333335,0.769,1.0463,0.13156895671486346,1.0115689567148634,-0.57
2005-12-01,0.5945577,0.9544625772733333,0.68,0.9435416666666667,0.102297,0.8858740083333334,0.764,1.0413000000000001,0.10100954506177473,0.9810095450617747,-0.84
2006-01-01,0.49429783,0.8542027072733334,0.56,0.8235416666666667,-0.027851,0.7557260083333335,0.614,0.8913,-0.04298467707667086,0.8370153229233291,-0.85
2006-02-01,0.6356281,0.9955329772733335,0.74,1.0035416666666666,0.095142,0.8787190083333334,0.783,1.0603,0.08986806627377142,0.9698680662737714,-0.77
2006-03-01,0.5312651,0.8911699772733335,0.63,0.8935416666666667,-0.03078,0.7527970083333334,0.663,0.9403,-0.011551275548374207,0.8684487244516258,-0.57
2006-04-01,0.47580233,0.8357072072733334,0.47,0.7335416666666666,-0.097212,0.6863650083333335,0.562,0.8393,-0.07027595249115315,0.8097240475088469,-0.37
2006-05-01,0.4637566,0.8236614772733334,0.48,0.7435416666666667,-0.049325,0.7342520083333335,0.532,0.8093,-0.0719478719457527,0.8080521280542473,-0.14
2006-06-01,0.56983924,0.9297441172733334,0.67,0.9335416666666667,0.027492,0.8110690083333334,0.698,0.9753,0.08079319089923231,0.9607931908992323,-0.03
2006-07-01,0.4757867,0.8356915772733333,0.54,0.8035416666666667,-0.032254,0.7513230083333334,0.571,0.8482999999999999,0.0026798429951249148,0.8826798429951249,0.1
2006-08-01,0.6308538,0.9907586772733334,0.71,0.9735416666666666,0.085439,0.8690160083333335,0.73,1.0072999999999999,0.07079791997136553,0.9507979199713655,0.3
2006-09-01,0.54495335,0.9048582272733334,0.66,0.9235416666666667,0.040485,0.8240620083333334,0.653,0.9303,0.048157094385555155,0.9281570943855552,0.54
2006-10-01,0.609452,0.9693568772733334,0.71,0.9735416666666666,0.053462,0.8370390083333334,0.741,1.0183,0.13755810103349475,1.0175581010334946,0.77
2006-11-01,0.65476,1.0146648772733333,0.74,1.0035416666666666,0.045785,0.8293620083333334,0.722,0.9993,0.10090376524008171,0.9809037652400817,0.94
2006-12-01,0.7094977,1.0694025772733333,0.79,1.0535416666666668,0.165711,0.9492880083333335,0.838,1.1153,0.1945079778666674,1.0745079778666673,0.94
2007-01-01,0.88863593,1.2485408072733333,1.01,1.2735416666666668,0.266096,1.0496730083333334,0.961,1.2383,0.3640125983495217,1.2440125983495216,0.66
2007-02-01,0.6300248,0.9899296772733335,0.7,0.9635416666666666,0.038625,0.8222020083333335,0.746,1.0232999999999999,0.08833661784627189,0.9683366178462719,0.22
2007-03-01,0.5826554,0.9425602772733335,0.72,0.9835416666666666,-0.00637,0.7772070083333334,0.673,0.9503,0.0011416684292662183,0.8811416684292662,-0.12
2007-04-01,0.7175149,1.0774197772733334,0.77,1.0335416666666666,0.130701,0.9142780083333335,0.825,1.1023,0.17312202137248356,1.0531220213724835,-0.32
2007-05-01,0.5720361,0.9319409772733334,0.69,0.9535416666666666,0.034047,0.8176240083333335,0.671,0.9483,0.08322271960290095,0.963222719602901,-0.38
2007-06-01,0.49677128,0.8566761572733333,0.61,0.8735416666666667,-0.018242,0.7653350083333335,0.628,0.9053,-0.023361485118226,0.856638514881774,-0.47
2007-07-01,0.5594419,0.9193467772733335,0.6,0.8635416666666667,0.009439,0.7930160083333334,0.661,0.9383,0.005816943496487426,0.8858169434964874,-0.56
2007-08-01,0.57933515,0.9392400272733334,0.6,0.8635416666666667,-0.036807,0.7467700083333334,0.591,0.8683,-0.01881637924822499,0.861183620751775,-0.81
2007-09-01,0.5063603,0.8662651772733334,0.61,0.8735416666666667,-0.015979,0.7675980083333335,0.544,0.8213,-0.09002304174002873,0.7899769582599713,-1.07
2007-10-01,0.55341154,0.9133164172733335,0.59,0.8535416666666666,-0.025631,0.7579460083333335,0.663,0.9403,-0.013896255597568796,0.8661037444024312,-1.34
2007-11-01,0.52830535,0.8882102272733334,0.59,0.8535416666666666,-0.066014,0.7175630083333334,0.586,0.8633,-0.038997811659351456,0.8410021883406485,-1.5
2007-12-01,0.41167715,0.7715820272733334,0.5,0.7635416666666667,-0.135273,0.6483040083333335,0.517,0.7943,-0.0890691738764211,0.7909308261235789,-1.6
2008-01-01,0.20360349,0.5635083672733334,0.3,0.5635416666666667,-0.361123,0.4224540083333334,0.268,0.5453,-0.32783006425341554,0.5521699357465845,-1.64
2008-02-01,0.26035023,0.6202551072733333,0.38,0.6435416666666667,-0.330023,0.4535540083333334,0.326,0.6033,-0.3208977079925095,0.5591022920074905,-1.52
2008-03-01,0.6033574,0.9632622772733335,0.75,1.0135416666666666,0.023516,0.8070930083333334,0.65,0.9273,0.01873176467180926,0.8987317646718093,-1.29
2008-04-01,0.44062537,0.8005302472733333,0.54,0.8035416666666667,-0.131787,0.6517900083333334,0.539,0.8163,-0.12625773637017268,0.7537422636298273,-1.01
2008-05-01,0.42777696,0.7876818372733334,0.5,0.7635416666666667,-0.083921,0.6996560083333334,0.526,0.8033,-0.10496216376267853,0.7750378362373215,-0.84
2008-06-01,0.37749237,0.7373972472733334,0.5,0.7635416666666667,-0.126838,0.6567390083333334,0.509,0.7863,-0.1978338308710299,0.6821661691289701,-0.61
2008-07-01,0.5309064,0.8908112772733334,0.6,0.8635416666666667,0.001562,0.7851390083333334,0.62,0.8973,-0.024431633274328846,0.8555683667256712,-0.37
2008-08-01,0.45174506,0.8116499372733333,0.45,0.7135416666666667,-0.070212,0.7133650083333334,0.566,0.8432999999999999,-0.0799398704128329,0.8000601295871671,-0.23
2008-09-01,0.54513425,0.9050391272733334,0.61,0.8735416666666667,-0.014735,0.7688420083333334,0.608,0.8853,-0.030299166603402483,0.8497008333965975,-0.24
2008-10-01,0.5895494,0.9494542772733334,0.67,0.9335416666666667,0.052754,0.8363310083333334,0.7,0.9773,0.03614727616740154,0.9161472761674015,-0.35
2008-11-01,0.6174672,0.9773720772733334,0.7,0.9635416666666666,0.065758,0.8493350083333334,0.68,0.9573,0.0516739313185095,0.9316739313185095,-0.55
2008-12-01,0.4622681,0.8221729772733334,0.54,0.8035416666666667,-0.012831,0.7707460083333334,0.576,0.8533,-0.04473561155125694,0.8352643884487431,-0.73
2009-01-01,0.5804605,0.9403653772733334,0.65,0.9135416666666667,0.051135,0.8347120083333335,0.682,0.9593,0.05998567156069967,0.9399856715606997,-0.85
2009-02-01,0.45728397,0.8171888472733333,0.53,0.7935416666666667,-0.113441,0.6701360083333334,0.574,0.8513,-0.034815147832199855,0.8451848521678001,-0.79
2009-03-01,0.4391927,0.7990975772733333,0.53,0.7935416666666667,-0.146852,0.6367250083333335,0.496,0.7733,-0.12066001267915638,0.7593399873208436,-0.61
2009-04-01,0.52070826,0.8806131372733335,0.61,0.8735416666666667,-0.080201,0.7033760083333335,0.588,0.8653,-0.05937981472401965,0.8206201852759804,-0.33
2009-05-01,0.5476228,0.9075276772733334,0.65,0.9135416666666667,0.019547,0.8031240083333334,0.619,0.8963,-0.003856522994539091,0.8761434770054609,0.01
2009-06-01,0.62048054,0.9803854172733333,0.64,0.9035416666666667,0.081231,0.8648080083333334,0.72,0.9973,0.003982950589506373,0.8839829505895064,0.28
2009-07-01,0.67611057,1.0360154472733334,0.74,1.0035416666666666,0.136672,0.9202490083333335,0.801,1.0783,0.1376371520271995,1.0176371520271994,0.45
2009-08-01,0.6188574,0.9787622772733333,0.69,0.9535416666666666,0.088898,0.8724750083333335,0.712,0.9893,0.04460086294460197,0.924600862944602,0.58
2009-09-01,0.67671627,1.0366211472733333,0.72,0.9835416666666666,0.139241,0.9228180083333335,0.715,0.9923,0.10373847005457648,0.9837384700545765,0.71
2009-10-01,0.6174343,0.9773391772733333,0.65,0.9135416666666667,0.066988,0.8505650083333335,0.735,1.0123,0.07977349010177548,0.9597734901017755,1.01
2009-11-01,0.69351435,1.0534192272733334,0.8,1.0635416666666668,0.125752,0.9093290083333334,0.791,1.0683,0.14096986755229146,1.0209698675522914,1.36
2009-12-01,0.6317102,0.9916150772733334,0.67,0.9335416666666667,0.089677,0.8732540083333334,0.756,1.0333,0.06869123513994069,0.9486912351399407,1.56
2010-01-01,0.7062965,1.0662013772733334,0.75,1.0135416666666666,0.123451,0.9070280083333334,0.802,1.0793,0.19407010656079038,1.0740701065607903,1.5
2010-02-01,0.7791074,1.1390122772733333,0.84,1.1035416666666666,0.161578,0.9451550083333334,0.878,1.1553,0.22214105134390216,1.102141051343902,1.22
2010-03-01,0.85140246,1.2113073372733334,0.92,1.1835416666666667,0.208248,0.9918250083333334,0.888,1.1653,0.2686530103011755,1.1486530103011754,0.84
2010-04-01,0.8191074,1.1790122772733334,0.85,1.1135416666666667,0.220687,1.0042640083333334,0.916,1.1933,0.25225322917083837,1.1322532291708383,0.35
2010-05-01,0.7077413,1.0676461772733334,0.75,1.0135416666666666,0.167446,0.9510230083333334,0.778,1.0553,0.19857239302316998,1.0785723930231699,-0.17
2010-06-01,0.64300805,1.0029129272733335,0.68,0.9435416666666667,0.09195,0.8755270083333334,0.717,0.9943,0.08608071854640187,0.9660807185464019,-0.66
2010-07-01,0.61116266,0.9710675372733333,0.63,0.8935416666666667,0.071025,0.8546020083333334,0.668,0.9453,0.05137112001233746,0.9313711200123375,-1.05
2010-08-01,0.6089111,0.9688159772733334,0.67,0.9335416666666667,0.034732,0.8183090083333334,0.703,0.9803,0.046030511844488586,0.9260305118444886,-1.35
2010-09-01,0.5601859,0.9200907772733333,0.63,0.8935416666666667,0.030161,0.8137380083333334,0.663,0.9403,0.09863038903558774,0.9786303890355877,-1.56
2010-10-01,0.6385869,0.9984917772733333,0.71,0.9735416666666666,0.059186,0.8427630083333334,0.77,1.0473,0.11543382091041465,0.9954338209104147,-1.64
2010-11-01,0.7283444,1.0882492772733334,0.82,1.0835416666666666,0.145692,0.9292690083333335,0.769,1.0463,0.13440443670490332,1.0144044367049032,-1.64
2010-12-01,0.42991576,0.7898206372733334,0.45,0.7135416666666667,-0.09929,0.6842870083333334,0.556,0.8333,-0.10178878872576647,0.7782112112742335,-1.54
2011-01-01,0.45194185,0.8118467272733334,0.52,0.7835416666666667,-0.066751,0.7168260083333334,0.568,0.8452999999999999,-0.09017301257000199,0.789826987429998,-1.31
2011-02-01,0.4231247,0.7830295772733333,0.47,0.7335416666666666,-0.13737,0.6462070083333334,0.545,0.8223,-0.1762215939222589,0.7037784060777411,-1.04
2011-03-01,0.54888946,0.9087943372733334,0.65,0.9135416666666667,-0.02862,0.7549570083333335,0.646,0.9233,-0.0587462751863832,0.8212537248136168,-0.8
2011-04-01,0.5910206,0.9509254772733333,0.64,0.9035416666666667,0.022846,0.8064230083333335,0.675,0.9523,0.014256987790252751,0.8942569877902528,-0.62
2011-05-01,0.43807426,0.7979791372733334,0.53,0.7935416666666667,-0.050922,0.7326550083333334,0.544,0.8213,-0.04168263712014664,0.8383173628798534,-0.46
2011-06-01,0.54148525,0.9013901272733333,0.62,0.8835416666666667,0.013885,0.7974620083333335,0.68,0.9573,0.021262857528217438,0.9012628575282174,-0.37
2011-07-01,0.63934773,0.9992526072733334,0.71,0.9735416666666666,0.109338,0.8929150083333335,0.763,1.0403,0.1417874912744459,1.0217874912744458,-0.43
2011-08-01,0.65079045,1.0106953272733334,0.75,1.0135416666666666,0.086824,0.8704010083333334,0.753,1.0303,0.11068691878733361,0.9906869187873336,-0.58
2011-09-01,0.5358321,0.8957369772733335,0.56,0.8235416666666667,0.007192,0.7907690083333334,0.599,0.8763,0.04744220827155843,0.9274422082715584,-0.79
2011-10-01,0.57430154,0.9342064172733333,0.65,0.9135416666666667,0.037899,0.8214760083333335,0.687,0.9643,0.02970818992269031,0.9097081899226903,-0.96
2011-11-01,0.5068129,0.8667177772733334,0.59,0.8535416666666666,-0.07107,0.7125070083333335,0.571,0.8482999999999999,-0.09435512655343281,0.7856448734465672,-1.02
2011-12-01,0.48978385,0.8496887272733333,0.6,0.8635416666666667,-0.018928,0.7646490083333335,0.594,0.8713,-0.03789911484701847,0.8421008851529815,-0.92
2012-01-01,0.36472008,0.7246249572733334,0.47,0.7335416666666666,-0.124727,0.6588500083333334,0.446,0.7233,-0.16466646622665948,0.7153335337733405,-0.72
2012-02-01,0.45565945,0.8155643272733334,0.48,0.7435416666666667,-0.139714,0.6438630083333334,0.505,0.7823,-0.17914129649585142,0.7008587035041486,-0.57
2012-03-01,0.41596338,0.7758682572733333,0.57,0.8335416666666666,-0.147856,0.6357210083333334,0.488,0.7653,-0.13665697209968997,0.74334302790031,-0.46
2012-04-01,0.60344976,0.9633546372733333,0.73,0.9935416666666667,0.069177,0.8527540083333335,0.716,0.9933,0.05461995268604447,0.9346199526860445,-0.36
2012-05-01,0.6515295,1.0114343772733334,0.78,1.0435416666666668,0.14303,0.9266070083333334,0.768,1.0453000000000001,0.17325884428490212,1.053258844284902,-0.17
2012-06-01,0.62511885,0.9850237272733333,0.65,0.9135416666666667,0.095133,0.8787100083333335,0.743,1.0203,0.11904049769750102,0.999040497697501,0.06
2012-07-01,0.565905,0.9258098772733334,0.59,0.8535416666666666,0.037283,0.8208600083333334,0.604,0.8813,0.04011285177341861,0.9201128517734186,0.3
2012-08-01,0.6451753,1.0050801772733333,0.66,0.9235416666666667,0.058437,0.8420140083333334,0.699,0.9763,0.07621402561050772,0.9562140256105077,0.41
2012-09-01,0.63515013,0.9950550072733333,0.72,0.9835416666666666,0.118946,0.9025230083333334,0.727,1.0043,0.11319194398528154,0.9931919439852815,0.41
2012-10-01,0.72388357,1.0837884472733335,0.8,1.0635416666666668,0.152963,0.9365400083333334,0.86,1.1373,0.21954833679534502,1.099548336795345,0.31
2012-11-01,0.71575254,1.0756574172733333,0.78,1.0435416666666668,0.1244,0.9079770083333334,0.793,1.0703,0.19641281787190756,1.0764128178719075,0.13
2012-12-01,0.45583293,0.8157378072733334,0.53,0.7935416666666667,-0.088039,0.6955380083333335,0.587,0.8643,-0.03248835174295195,0.8475116482570481,-0.1
2013-01-01,0.6023924,0.9622972772733334,0.71,0.9735416666666666,0.06304,0.8466170083333334,0.701,0.9783,0.14671730307867747,1.0267173030786774,-0.29
2013-02-01,0.5188979,0.8788027772733333,0.62,0.8835416666666667,-0.0613,0.7222770083333334,0.609,0.8863,0.015587563132958948,0.895587563132959,-0.29
2013-03-01,0.5759768,0.9358816772733334,0.67,0.9335416666666667,-0.038707,0.7448700083333334,0.622,0.8993,0.0236686485658133,0.9036686485658133,-0.21
2013-04-01,0.5657159,0.9256207772733334,0.53,0.7935416666666667,-0.046527,0.7370500083333335,0.598,0.8753,-0.035758076813005246,0.8442419231869948,-0.19
2013-05-01,0.5511463,0.9110511772733334,0.6,0.8635416666666667,0.058082,0.8416590083333334,0.636,0.9133,0.021655072930940378,0.9016550729309404,-0.27
2013-06-01,0.65639806,1.0163029372733334,0.7,0.9635416666666666,0.111407,0.8949840083333335,0.717,0.9943,0.10788013950726238,0.9878801395072624,-0.34
2013-07-01,0.5848219,0.9447267772733334,0.6,0.8635416666666667,0.031792,0.8153690083333335,0.612,0.8893,-0.026237525297684527,0.8537624747023155,-0.35
2013-08-01,0.6361887,0.9960935772733335,0.71,0.9735416666666666,0.073821,0.8573980083333335,0.705,0.9823,0.05428332249720924,0.9342833224972092,-0.28
2013-09-01,0.7189991,1.0789039772733333,0.77,1.0335416666666666,0.142078,0.9256550083333335,0.775,1.0523,0.16925478505863722,1.0492547850586371,-0.21
2013-10-01,0.6478542,1.0077590772733334,0.69,0.9535416666666666,0.047272,0.8308490083333334,0.679,0.9563,0.0504762324716701,0.9304762324716701,-0.13
2013-11-01,0.7648822,1.1247870772733333,0.83,1.0935416666666666,0.171381,0.9549580083333334,0.813,1.0903,0.1494753833892215,1.0294753833892214,-0.1
2013-12-01,0.6004462,0.9603510772733335,0.7,0.9635416666666666,0.094476,0.8780530083333334,0.718,0.9953,0.12597365544931804,1.005973655449318,-0.15
2014-01-01,0.6644925,1.0243973772733335,0.76,1.0235416666666666,0.130366,0.9139430083333334,0.753,1.0303,0.12660088103968192,1.0066008810396818,-0.28
2014-02-01,0.48310423,0.8430091072733334,0.55,0.8135416666666667,-0.077177,0.7064000083333335,0.573,0.8503,-0.09532440928210839,0.7846755907178916,-0.32
2014-03-01,0.68063176,1.0405366372733333,0.78,1.0435416666666668,0.123161,0.9067380083333334,0.735,1.0123,0.09095858606199769,0.9709585860619977,-0.14
2014-04-01,0.7296757,1.0895805772733334,0.81,1.0735416666666668,0.136833,0.9204100083333334,0.787,1.0643,0.10923063754740348,0.9892306375474035,0.15
2014-05-01,0.7280316,1.0879364772733333,0.86,1.1235416666666667,0.217677,1.0012540083333334,0.81,1.0873,0.18290915147761666,1.0629091514776166,0.31
2014-06-01,0.613844,0.9737488772733334,0.67,0.9335416666666667,0.116753,0.9003300083333334,0.67,0.9473,0.07207786065056965,0.9520778606505697,0.23
2014-07-01,0.58130425,0.9412091272733334,0.58,0.8435416666666666,0.05145,0.8350270083333334,0.626,0.9033,0.06585894964013406,0.9458589496401341,0.1
2014-08-01,0.7285824,1.0884872772733334,0.84,1.1035416666666666,0.207271,0.9908480083333334,0.816,1.0933,0.1348044664311452,1.014804466431145,0.11
2014-09-01,0.7607206,1.1206254772733333,0.88,1.1435416666666667,0.199106,0.9826830083333334,0.831,1.1082999999999998,0.18417838855129887,1.0641783885512988,0.28
2014-10-01,0.73782265,1.0977275272733333,0.8,1.0635416666666668,0.156118,0.9396950083333334,0.839,1.1162999999999998,0.16361127089497884,1.0436112708949787,0.54
2014-11-01,0.6285649,0.9884697772733333,0.67,0.9335416666666667,0.042871,0.8264480083333334,0.661,0.9383,0.05113942213316669,0.9311394221331667,0.71
2014-12-01,0.6775346,1.0374394772733333,0.79,1.0535416666666668,0.196565,0.9801420083333334,0.791,1.0683,0.18814106361773852,1.0681410636177384,0.77
2015-01-01,0.7321615,1.0920663772733334,0.86,1.1235416666666667,0.193743,0.9773200083333334,0.825,1.1023,0.19282712340453045,1.0728271234045303,0.69
2015-02-01,0.77294207,1.1328469472733333,0.91,1.1735416666666667,0.199439,0.9830160083333335,0.864,1.1413,0.19906064970843396,1.0790606497084338,0.61
2015-03-01,0.78735584,1.1472607172733333,0.96,1.2235416666666667,0.240114,1.0236910083333335,0.865,1.1423,0.22855331806196588,1.1085533180619658,0.65
2015-04-01,0.68427825,1.0441831272733333,0.75,1.0135416666666666,0.156382,0.9399590083333335,0.787,1.0643,0.0571987473282487,0.9371987473282487,0.81
2015-05-01,0.72582626,1.0857311372733334,0.8,1.0635416666666668,0.206278,0.9898550083333334,0.827,1.1042999999999998,0.17629929584037995,1.0562992958403798,1.02
2015-06-01,0.75182515,1.1117300272733335,0.81,1.0735416666666668,0.24394,1.0275170083333334,0.824,1.1013,0.18568823088186903,1.065688230881869,1.25
2015-07-01,0.70957303,1.0694779072733334,0.73,0.9935416666666667,0.178918,0.9624950083333335,0.815,1.0922999999999998,0.15302390418304768,1.0330239041830476,1.57
2015-08-01,0.7993598,1.1592646772733333,0.8,1.0635416666666668,0.209272,0.9928490083333334,0.89,1.1673,0.24135218315592155,1.1213521831559214,1.91
2015-09-01,0.8178825,1.1777873772733334,0.83,1.0935416666666666,0.291024,1.0746010083333335,0.889,1.1663000000000001,0.2667824391335323,1.1467824391335322,2.21
2015-10-01,1.0136715,1.3735763772733334,1.08,1.3435416666666669,0.423399,1.2069760083333334,1.092,1.3693,0.4410598886025703,1.3210598886025702,2.47
2015-11-01,0.9854569,1.3453617772733333,1.06,1.3235416666666668,0.400159,1.1837360083333335,1.026,1.3033000000000001,0.3856698881498115,1.2656698881498114,2.64
2015-12-01,1.0350728,1.3949776772733333,1.17,1.4335416666666667,0.488433,1.2720100083333334,1.172,1.4493,0.5394534800794624,1.4194534800794623,2.75
2016-01-01,1.0793391,1.4392439772733334,1.18,1.4435416666666667,0.544292,1.3278690083333333,1.188,1.4653,0.5517591735396117,1.4317591735396116,2.63
2016-02-01,1.2160529,1.5759577772733333,1.36,1.6235416666666669,0.662281,1.4458580083333334,1.295,1.5722999999999998,0.6874777947435344,1.5674777947435343,2.28
2016-03-01,1.1763788,1.5362836772733333,1.35,1.6135416666666669,0.633433,1.4170100083333335,1.269,1.5463,0.6260893877280687,1.5060893877280686,1.71
2016-04-01,1.0230471,1.3829519772733334,1.09,1.3535416666666669,0.469668,1.2532450083333333,1.114,1.3913000000000002,0.5301448001087632,1.410144800108763,1.05
2016-05-01,0.8734111,1.2333159772733333,0.96,1.2235416666666667,0.339994,1.1235710083333335,0.993,1.2703,0.41514754085019945,1.2951475408501993,0.49
2016-06-01,0.7690977,1.1290025772733334,0.8,1.0635416666666668,0.228451,1.0120280083333335,0.881,1.1583,0.26120499977010425,1.1412049997701041,0.0
2016-07-01,0.7611742,1.1210790772733334,0.84,1.1035416666666666,0.269453,1.0530300083333335,0.918,1.1953,0.35913634369194725,1.2391363436919471,-0.31
2016-08-01,0.93965346,1.2995583372733335,1.02,1.2835416666666668,0.376163,1.1597400083333333,1.039,1.3163,0.4008938030209457,1.2808938030209456,-0.5
2016-09-01,0.8369077,1.1968125772733333,0.9,1.1635416666666667,0.326396,1.1099730083333335,0.941,1.2183,0.35721741471600055,1.2372174147160004,-0.58
2016-10-01,0.81167483,1.1715797072733334,0.87,1.1335416666666667,0.229411,1.0129880083333334,0.97,1.2473,0.3408177390889371,1.220817739088937,-0.64
2016-11-01,0.838984,1.1988888772733333,0.91,1.1735416666666667,0.298782,1.0823590083333334,0.965,1.2423,0.4045187042278027,1.2845187042278026,-0.6
2016-12-01,0.7721099,1.1320147772733333,0.86,1.1235416666666667,0.288133,1.0717100083333335,0.943,1.2203,0.33531838634755573,1.2153183863475556,-0.45
2017-01-01,0.94698364,1.3068885172733333,1.02,1.2835416666666668,0.423976,1.2075530083333335,1.045,1.3222999999999998,0.4038084741194474,1.2838084741194473,-0.19
2017-02-01,1.06224,1.4221448772733334,1.13,1.3935416666666667,0.463982,1.2475590083333334,1.145,1.4223,0.4994649815975034,1.3794649815975033,-0.02
2017-03-01,1.0444211,1.4043259772733334,1.16,1.4235416666666667,0.434073,1.2176500083333335,1.171,1.4483000000000001,0.4999813778889397,1.3799813778889396,0.18
2017-04-01,0.83518696,1.1950918372733335,0.93,1.1935416666666667,0.310016,1.0935930083333334,0.962,1.2393,0.3290084684393886,1.2090084684393885,0.31
2017-05-01,0.77547586,1.1353807372733333,0.91,1.1735416666666667,0.312322,1.0958990083333333,0.946,1.2233,0.3727991809658704,1.2527991809658703,0.4
2017-06-01,0.6497448,1.0096496772733334,0.71,0.9735416666666666,0.178409,0.9619860083333335,0.773,1.0503,0.20197116674957627,1.0819711667495762,0.39
2017-07-01,0.7934789,1.1533837772733333,0.82,1.0835416666666666,0.268615,1.0521920083333334,0.85,1.1273,0.26418386006713845,1.1441838600671383,0.19
2017-08-01,0.80190206,1.1618069372733333,0.87,1.1335416666666667,0.278432,1.0620090083333333,0.887,1.1643,0.2956297481636021,1.175629748163602,-0.07
2017-09-01,0.72270304,1.0826079172733334,0.74,1.0035416666666666,0.255606,1.0391830083333335,0.792,1.0693000000000001,0.2787080095272465,1.1587080095272464,-0.34
2017-10-01,0.804107,1.1640118772733334,0.88,1.1435416666666667,0.293772,1.0773490083333335,0.918,1.1953,0.3590100961053402,1.23901009610534,-0.6
2017-11-01,0.7947836,1.1546884772733335,0.87,1.1335416666666667,0.263576,1.0471530083333334,0.85,1.1273,0.2476701040112399,1.1276701040112398,-0.77
2017-12-01,0.8064542,1.1663590772733334,0.93,1.1935416666666667,0.36284,1.1464170083333334,0.933,1.2103000000000002,0.3715394483638512,1.2515394483638511,-0.86
2018-01-01,0.7073131,1.0672179772733335,0.82,1.0835416666666666,0.231286,1.0148630083333334,0.826,1.1033,0.24095375216859694,1.1209537521685968,-0.77
2018-02-01,0.77632046,1.1362253372733333,0.85,1.1135416666666667,0.258256,1.0418330083333334,0.872,1.1493,0.2628889889877595,1.1428889889877594,-0.71
2018-03-01,0.77567875,1.1355836272733333,0.88,1.1435416666666667,0.217092,1.0006690083333334,0.869,1.1463,0.2731376240754848,1.1531376240754847,-0.57
2018-04-01,0.81080973,1.1707146072733334,0.88,1.1435416666666667,0.272898,1.0564750083333334,0.913,1.1903000000000001,0.304823497992464,1.184823497992464,-0.39
2018-05-01,0.70138663,1.0612915072733333,0.81,1.0735416666666668,0.25847,1.0420470083333333,0.823,1.1002999999999998,0.25080040817331906,1.130800408173319,-0.13
2018-06-01,0.72678655,1.0866914272733335,0.77,1.0335416666666666,0.208456,0.9920330083333334,0.822,1.0993,0.224696363507082,1.104696363507082,0.06
2018-07-01,0.724247,1.0841518772733334,0.83,1.0935416666666666,0.24295,1.0265270083333333,0.858,1.1353,0.27696645793730923,1.1569664579373091,0.14
2018-08-01,0.7335323,1.0934371772733333,0.78,1.0435416666666668,0.213659,0.9972360083333334,0.831,1.1082999999999998,0.20793773097664925,1.0879377309766491,0.27
2018-09-01,0.6765538,1.0364586772733333,0.8,1.0635416666666668,0.207438,0.9910150083333334,0.787,1.0643,0.19974840138372585,1.0797484013837257,0.53
2018-10-01,0.8581914,1.2180962772733335,1.02,1.2835416666666668,0.392956,1.1765330083333334,0.986,1.2633,0.35447133543424414,1.234471335434244,0.81
2018-11-01,0.7319398,1.0918446772733335,0.83,1.0935416666666666,0.228569,1.0121460083333333,0.828,1.1053,0.23887570484121134,1.1188757048412112,0.97
2018-12-01,0.8156231,1.1755279772733334,0.92,1.1835416666666667,0.350201,1.1337780083333335,0.948,1.2252999999999998,0.331366404192611,1.2113664041926109,0.92
2019-01-01,0.81320333,1.1731082072733334,0.93,1.1935416666666667,0.326217,1.1097940083333335,0.902,1.1793,0.28424985239223943,1.1642498523922393,0.89
2019-02-01,0.8345083,1.1944131772733333,0.95,1.2135416666666667,0.274557,1.0581340083333335,0.936,1.2133,0.3088375562916834,1.1888375562916833,0.86
2019-03-01,1.0769377,1.4368425772733333,1.17,1.4335416666666667,0.491238,1.2748150083333334,1.148,1.4253,0.508625660671651,1.388625660671651,0.84
2019-04-01,0.9251246,1.2850294772733333,1.0,1.2635416666666668,0.412299,1.1958760083333335,1.05,1.3273000000000001,0.4368222621305389,1.3168222621305388,0.77
2019-05-01,0.7765612,1.1364660772733333,0.86,1.1235416666666667,0.330443,1.1140200083333334,0.89,1.1673,0.35693513754247874,1.2369351375424786,0.64
2019-06-01,0.80784696,1.1677518372733333,0.9,1.1635416666666667,0.328299,1.1118760083333334,0.893,1.1703000000000001,0.3694005483932479,1.2494005483932478,0.52
2019-07-01,0.8514621,1.2113669772733333,0.94,1.2035416666666667,0.350216,1.1337930083333334,0.956,1.2332999999999998,0.39681793599419635,1.2768179359941962,0.33
2019-08-01,0.83638346,1.1962883372733333,0.95,1.2135416666666667,0.350408,1.1339850083333334,0.937,1.2143000000000002,0.3556181686009232,1.235618168600923,0.19
2019-09-01,0.81338805,1.1732929272733335,0.93,1.1935416666666667,0.345089,1.1286660083333335,0.875,1.1522999999999999,0.37901597485911154,1.2590159748591114,0.23
2019-10-01,0.9540598,1.3139646772733333,1.0,1.2635416666666668,0.438803,1.2223800083333334,1.099,1.3763,0.4522496999950256,1.3322496999950255,0.39
2019-11-01,0.93300694,1.2929118172733334,0.99,1.2535416666666668,0.387289,1.1708660083333333,0.989,1.2663,0.4050008002447836,1.2850008002447835,0.58
2019-12-01,1.0256363,1.3855411772733333,1.11,1.3735416666666669,0.544572,1.3281490083333334,1.125,1.4022999999999999,0.5387110125216488,1.4187110125216487,0.66
2020-01-01,1.0581361,1.4180409772733333,1.18,1.4435416666666667,0.556596,1.3401730083333334,1.162,1.4392999999999998,0.5807192860710906,1.4607192860710905,0.64
2020-02-01,1.1096845,1.4695893772733333,1.24,1.5035416666666668,0.56653,1.3501070083333335,1.191,1.4683000000000002,0.5997827560916615,1.4797827560916614,0.63
2020-03-01,1.0748293,1.4347341772733333,1.18,1.4435416666666667,0.459613,1.2431900083333334,1.123,1.4003,0.48786119256633853,1.3678611925663384,0.53
2020-04-01,1.0499066,1.4098114772733332,1.12,1.383541666666667,0.499237,1.2828140083333335,1.165,1.4423,0.5203517103590851,1.400351710359085,0.3
2020-05-01,0.8943686,1.2542734772733333,0.99,1.2535416666666668,0.417387,1.2009640083333335,0.987,1.2643,0.4664680896902098,1.3464680896902097,0.01
2020-06-01,0.8112971,1.1712019772733333,0.91,1.1735416666666667,0.349608,1.1331850083333335,0.943,1.2203,0.3601865797351316,1.2401865797351315,-0.23
2020-07-01,0.8216897,1.1815945772733334,0.89,1.1535416666666667,0.331404,1.1149810083333334,0.96,1.2372999999999998,0.32445017868548476,1.2044501786854847,-0.36
2020-08-01,0.8095014,1.1694062772733333,0.86,1.1235416666666667,0.307817,1.0913940083333333,0.899,1.1763,0.2662278292456186,1.1462278292456185,-0.53
2020-09-01,0.86662817,1.2265330472733333,0.96,1.2235416666666667,0.386504,1.1700810083333335,0.963,1.2403,0.43366824819339556,1.3136682481933954,-0.85
2020-10-01,0.7992961,1.1592009772733334,0.87,1.1335416666666667,0.296294,1.0798710083333334,0.926,1.2033,0.3757277082664139,1.2557277082664138,-1.12
2020-11-01,1.0072402,1.3671450772733333,1.08,1.3435416666666669,0.459481,1.2430580083333334,1.097,1.3742999999999999,0.537422114846299,1.4174221148462989,-1.2
2020-12-01,0.6923482,1.0522530772733334,0.8,1.0635416666666668,0.227442,1.0110190083333335,0.845,1.1223,0.2352587030072506,1.1152587030072505,-1.08
2021-01-01,0.7069553,1.0668601772733333,0.81,1.0735416666666668,0.213289,0.9968660083333334,0.832,1.1093,0.24328538482683726,1.1232853848268372,-0.91
2021-02-01,0.5646604,0.9245652772733333,0.64,0.9035416666666667,0.009091,0.7926680083333334,0.649,0.9263,0.06086249710239677,0.9408624971023968,-0.79
2021-03-01,0.7373907,1.0972955772733333,0.89,1.1535416666666667,0.217771,1.0013480083333335,0.808,1.0853000000000002,0.18950709353070394,1.0695070935307038,-0.71
2021-04-01,0.7573432,1.1172480772733333,0.76,1.0235416666666666,0.174459,0.9580360083333335,0.824,1.1013,0.18995847034165614,1.069958470341656,-0.55
2021-05-01,0.6981885,1.0580933772733334,0.79,1.0535416666666668,0.236579,1.0201560083333334,0.832,1.1093,0.2576463332725041,1.137646333272504,-0.39
2021-06-01,0.7178367,1.0777415772733334,0.85,1.1135416666666667,0.252162,1.0357390083333335,0.84,1.1173,0.21328159659784163,1.0932815965978415,-0.3
2021-07-01,0.79101825,1.1509231272733333,0.92,1.1835416666666667,0.320447,1.1040240083333335,0.895,1.1723,0.33052381370510275,1.2105238137051026,-0.35
2021-08-01,0.8094147,1.1693195772733334,0.81,1.0735416666666668,0.284926,1.0685030083333333,0.925,1.2023000000000001,0.3106049234482917,1.1906049234482916,-0.45
2021-09-01,0.8746749,1.2345797772733333,0.92,1.1835416666666667,0.329311,1.1128880083333335,0.95,1.2273,0.4013515321127663,1.2813515321127662,-0.63
2021-10-01,0.9277659,1.2876707772733333,0.98,1.2435416666666668,0.372329,1.1559060083333335,1.058,1.3353000000000002,0.4214115713842723,1.3014115713842722,-0.76
2021-11-01,0.86438453,1.2242894072733335,0.92,1.1835416666666667,0.316894,1.1004710083333333,0.941,1.2183,0.3460625224207998,1.2260625224207997,-0.91
2021-12-01,0.7581195,1.1180243772733334,0.88,1.1435416666666667,0.28836,1.0719370083333335,0.873,1.1503,0.3221881081430844,1.2021881081430843,-0.87
2022-01-01,0.78163755,1.1415424272733334,0.91,1.1735416666666667,0.309923,1.0935000083333335,0.89,1.1673,0.2776698155450994,1.1576698155450993,-0.82
2022-02-01,0.7527499,1.1126547772733333,0.89,1.1535416666666667,0.252295,1.0358720083333335,0.847,1.1242999999999999,0.22994650036299014,1.10994650036299,-0.79
2022-03-01,0.88982594,1.2497308172733335,1.04,1.3035416666666668,0.400945,1.1845220083333334,1.018,1.2953000000000001,0.39416036761205575,1.2741603676120556,-0.86
2022-04-01,0.76723105,1.1271359272733334,0.83,1.0935416666666666,0.25322,1.0367970083333335,0.872,1.1493,0.2835249071839083,1.1635249071839082,-0.95
2022-05-01,0.7497042,1.1096090772733334,0.84,1.1035416666666666,0.232713,1.0162900083333335,0.845,1.1223,0.2559222058568764,1.1359222058568763,-0.9
2022-06-01,0.8474858,1.2073906772733334,0.92,1.1835416666666667,0.336423,1.1200000083333335,1.0,1.2772999999999999,0.308073207016907,1.1880732070169069,-0.78
2022-07-01,0.7776266,1.1375314772733334,0.94,1.2035416666666667,0.326591,1.1101680083333334,0.948,1.2252999999999998,0.37698407839048187,1.2569840783904818,-0.76
2022-08-01,0.87531734,1.2352222172733334,0.94,1.2035416666666667,0.323673,1.1072500083333334,0.938,1.2153,0.29523093698901093,1.1752309369890108,-0.87
2022-09-01,0.8159531,1.1758579772733333,0.88,1.1435416666666667,0.269387,1.0529640083333334,0.91,1.1873,0.34985879967110733,1.2298587996711072,-0.97
2022-10-01,0.9506339,1.3105387772733335,0.97,1.2335416666666668,0.356212,1.1397890083333335,1.05,1.3273000000000001,0.4084745447223561,1.288474544722356,-0.94
2022-11-01,0.66873515,1.0286400272733334,0.73,0.9935416666666667,0.146474,0.9300510083333334,0.748,1.0253,0.16262811125264953,1.0426281112526494,-0.85
2022-12-01,0.7452199,1.1051247772733335,0.8,1.0635416666666668,0.232209,1.0157860083333334,0.908,1.1853,0.2703902953164494,1.1503902953164493,-0.71
2023-01-01,0.7827479,1.1426527772733335,0.87,1.1335416666666667,0.270883,1.0544600083333333,0.885,1.1623,0.24681214586638944,1.1268121458663893,-0.54
2023-02-01,0.8863414,1.2462462772733334,0.96,1.2235416666666667,0.3623,1.1458770083333334,0.949,1.2263,0.2925948872078319,1.1725948872078318,-0.29
2023-03-01,1.1294872,1.4893920772733333,1.23,1.4935416666666668,0.55409,1.3376670083333333,1.211,1.4883000000000002,0.5117547972720153,1.3917547972720152,-0.02
2023-04-01,0.9248374,1.2847422772733335,0.98,1.2435416666666668,0.361585,1.1451620083333334,1.049,1.3262999999999998,0.3204253234733354,1.2004253234733353,0.27
2023-05-01,0.8798387,1.2397435772733334,0.94,1.2035416666666667,0.374343,1.1579200083333334,0.995,1.2723,0.3952448729933451,1.275244872993345,0.57
2023-06-01,1.0592357,1.4191405772733332,1.08,1.3435416666666669,0.477703,1.2612800083333333,1.18,1.4573,0.5313694628221306,1.4113694628221305,0.84
2023-07-01,1.1611524,1.5210572772733333,1.19,1.4535416666666667,0.58977,1.3733470083333335,1.344,1.6213000000000002,0.7239732197745106,1.6039732197745105,1.12
2023-08-01,1.2126604,1.5725652772733334,1.19,1.4535416666666667,0.654556,1.4381330083333335,1.344,1.6213000000000002,0.70904232313978,1.5890423231397799,1.37
2023-09-01,1.3480984,1.7080032772733333,1.48,1.7435416666666668,0.80193,1.5855070083333334,1.479,1.7563,0.930757116091808,1.810757116091808,1.6
2023-10-01,1.3267326,1.6866374772733332,1.34,1.6035416666666669,0.742309,1.5258860083333334,1.416,1.6932999999999998,0.8487687383499072,1.728768738349907,1.83
2023-11-01,1.3420995,1.7020043772733333,1.4,1.6635416666666667,0.787325,1.5709020083333334,1.419,1.6963,0.8532776136098956,1.7332776136098955,1.99
2023-12-01,1.2644229,1.6243277772733333,1.35,1.6135416666666669,0.758338,1.5419150083333335,1.403,1.6803,0.8447014298773503,1.7247014298773502,2.06
2024-01-01,1.1458833,1.5057881772733333,1.25,1.5135416666666668,0.680779,1.4643560083333336,1.262,1.5393,0.6985253786949137,1.5785253786949136,1.92
2024-02-01,1.2756891,1.6355939772733332,1.44,1.7035416666666667,0.746941,1.5305180083333334,1.387,1.6643,0.8109231963592318,1.6909231963592317,1.62
2024-03-01,1.2211863,1.5810911772733334,1.39,1.6535416666666667,0.638593,1.4221700083333335,1.289,1.5663,0.7282674381613496,1.6082674381613495,1.26
2024-04-01,1.2070003,1.5669051772733333,1.31,1.5735416666666668,0.63165,1.4152270083333334,1.297,1.5743,0.6706729425926081,1.550672942592608,0.82
2024-05-01,1.0612608,1.4211656772733332,1.16,1.4235416666666667,0.562741,1.3463180083333335,1.176,1.4533,0.6518060713899274,1.5318060713899273,0.49
2024-06-01,1.0935905,1.4534953772733332,1.23,1.4935416666666668,0.588215,1.3717920083333335,1.25,1.5272999999999999,0.6743987717978435,1.5543987717978434,0.22
2024-07-01,1.1301341,1.4900389772733333,1.2,1.4635416666666667,0.606984,1.3905610083333335,1.252,1.5293,0.6781730249562123,1.5581730249562122,0.08
2024-08-01,1.2156285,1.5755333772733333,1.3,1.5635416666666668,0.647681,1.4312580083333333,1.284,1.5613000000000001,0.7105542292582037,1.5905542292582036,-0.07
2024-09-01,1.1434727,1.5033775772733333,1.21,1.4735416666666667,0.614461,1.3980380083333335,1.285,1.5623,0.7273068612301579,1.6073068612301578,-0.17
2024-10-01,1.2005678,1.5604726772733333,1.35,1.6135416666666669,0.706265,1.4898420083333335,1.371,1.6482999999999999,0.798868003761914,1.678868003761914,-0.21
2024-11-01,1.2086316,1.5685364772733332,1.3,1.5635416666666668,0.69126,1.4748370083333335,1.356,1.6333000000000002,0.7275353631433514,1.6075353631433513,-0.3
2024-12-01,1.1250169,1.4849217772733334,1.27,1.5335416666666668,0.659724,1.4433010083333335,1.311,1.5882999999999998,0.7586613822054211,1.638661382205421,-0.42
2025-01-01,1.2531122,1.6130170772733332,1.38,1.6435416666666667,0.694615,1.4781920083333335,1.381,1.6583,0.7873624169166682,1.667362416916668,-0.45
2025-02-01,1.111266,1.4711708772733334,1.26,1.5235416666666668,0.580604,1.3641810083333334,1.278,1.5553,0.6268727713476832,1.506872771347683,-0.24
2025-03-01,1.1599087,1.5198135772733332,1.37,1.633541666666667,0.647142,1.4307190083333334,1.294,1.5713,0.6495470709982492,1.529547070998249,-0.06
2025-04-01,1.0898522,1.4497570772733333,1.24,1.5035416666666668,0.566509,1.3500860083333335,1.229,1.5063,0.6014491793194505,1.4814491793194504,0.02
2025-05-01,0.9487315,1.3086363772733334,1.08,1.3435416666666669,0.472141,1.2557180083333335,1.102,1.3793000000000002,0.5303959908604554,1.4103959908604553,-0.02
2025-06-01,0.88232994,1.2422348172733333,1.07,1.3335416666666668,0.372019,1.1555960083333334,1.083,1.3603,0.4738488148398865,1.3538488148398864,-0.04
2025-07-01,0.9311091,1.2910139772733333,1.02,1.2835416666666668,0.379551,1.1631280083333335,1.064,1.3413,0.44827017933318203,1.328270179333182,-0.14
2025-08-01,1.015728,1.3756328772733333,1.18,1.4435416666666667,0.460473,1.2440500083333335,1.141,1.4183,0.48898290652635623,1.3689829065263561,-0.28
2025-09-01,1.1022607,1.4621655772733333,1.25,1.5135416666666668,0.532376,1.3159530083333335,1.263,1.5402999999999998,0.661873460581841,1.541873460581841,-0.4
2025-10-01,1.0901086,1.4500134772733333,1.19,1.4535416666666667,0.538097,1.3216740083333334,1.249,1.5263,0.6953276675496234,1.5753276675496233,-0.51
2025-11-01,1.0710288,1.4309336772733332,1.21,1.4735416666666667,0.52393,1.3075070083333333,1.225,1.5023,0.6482964189371838,1.5282964189371837,-0.55
2025-12-01,0.9209291,1.2808339772733333,1.06,1.3235416666666668,0.436583,1.2201600083333335,1.108,1.3853,0.486227234304895,1.366227234304895,-0.54
2026-01-01,0.9945642,1.3544690772733334,1.08,1.3435416666666669,0.492453,1.2760300083333334,1.163,1.4403000000000001,0.5113534062592784,1.3913534062592783,-0.37
2026-02-01,1.0480441,1.4079489772733333,1.24,1.5035416666666668,0.514991,1.2985680083333335,1.231,1.5083000000000002,0.5314078208869599,1.4114078208869598,-0.14
2026-03-01,1.0444394,1.4043442772733332,1.32,1.5835416666666668,0.533967,1.3175440083333334,1.23,1.5072999999999999,0.5310233660930912,1.411023366093091,0.13
2026-04-01,1.0351772,1.3950820772733332,1.17,1.4335416666666667,0.507422,1.2909990083333334,1.186,1.4632999999999998,0.5240559272334107,1.4040559272334106,0.51
2026-05-01,1.0088005,1.3687053772733333,1.13,1.3935416666666667,0.498356,1.2819330083333336,1.162,1.4392999999999998,0.5501388264869718,1.4301388264869717,0.98
2026-06-01,1.0671263,1.4270311772733333,1.18,1.4435416666666667,0.521217,1.3047940083333334,1.218,1.4952999999999999,0.5587406731052802,1.43874067310528,1.4
2026-07-01,,,1.23,1.4935416666666668,0.602222,1.3857990083333336,1.282,1.5593,0.6706884205464156,1.5506884205464155,
